-- MySQL dump 10.13  Distrib 8.0.25, for Linux (x86_64)
--
-- Host: localhost    Database: shool_demo
-- ------------------------------------------------------
-- Server version	8.0.25-0ubuntu0.20.04.1

/*!40101 SET @OLD_CHARACTER_SET_CLIENT=@@CHARACTER_SET_CLIENT */;
/*!40101 SET @OLD_CHARACTER_SET_RESULTS=@@CHARACTER_SET_RESULTS */;
/*!40101 SET @OLD_COLLATION_CONNECTION=@@COLLATION_CONNECTION */;
/*!50503 SET NAMES utf8mb4 */;
/*!40103 SET @OLD_TIME_ZONE=@@TIME_ZONE */;
/*!40103 SET TIME_ZONE='+00:00' */;
/*!40014 SET @OLD_UNIQUE_CHECKS=@@UNIQUE_CHECKS, UNIQUE_CHECKS=0 */;
/*!40014 SET @OLD_FOREIGN_KEY_CHECKS=@@FOREIGN_KEY_CHECKS, FOREIGN_KEY_CHECKS=0 */;
/*!40101 SET @OLD_SQL_MODE=@@SQL_MODE, SQL_MODE='NO_AUTO_VALUE_ON_ZERO' */;
/*!40111 SET @OLD_SQL_NOTES=@@SQL_NOTES, SQL_NOTES=0 */;

--
-- Table structure for table `classes`
--

DROP TABLE IF EXISTS `classes`;
/*!40101 SET @saved_cs_client     = @@character_set_client */;
/*!50503 SET character_set_client = utf8mb4 */;
CREATE TABLE `classes` (
  `class_id` int unsigned NOT NULL AUTO_INCREMENT COMMENT 'Идентификатор строки',
  `class` varchar(20) CHARACTER SET utf8mb4 COLLATE utf8mb4_unicode_ci DEFAULT '1' COMMENT 'Класс',
  `letter` char(2) CHARACTER SET utf8mb4 COLLATE utf8mb4_unicode_ci DEFAULT NULL COMMENT 'Литер класса',
  `school_year` int unsigned NOT NULL COMMENT 'Ссылка на учебный год',
  `teacher_id` int unsigned NOT NULL COMMENT 'Ссылка на учителя, классного руководителя',
  PRIMARY KEY (`class_id`),
  UNIQUE KEY `class` (`class`,`letter`,`school_year`)
) ENGINE=InnoDB AUTO_INCREMENT=201 DEFAULT CHARSET=utf8mb4 COLLATE=utf8mb4_unicode_ci COMMENT='Класс';
/*!40101 SET character_set_client = @saved_cs_client */;

--
-- Dumping data for table `classes`
--

LOCK TABLES `classes` WRITE;
/*!40000 ALTER TABLE `classes` DISABLE KEYS */;
INSERT INTO `classes` VALUES (1,'9','А',2015,89),(2,'10','Б',2006,50),(3,'3','Г',2011,34),(4,'9','А',1994,84),(5,'1','Г',1988,72),(6,'3','А',2001,94),(7,'9','Б',2003,28),(8,'3','В',1976,28),(9,'7','Г',1982,68),(10,'3','В',1988,8),(11,'2','В',2000,79),(12,'4','Б',1992,11),(13,'1','Г',1976,89),(14,'9','Г',1990,19),(15,'5','А',1997,28),(16,'5','А',1992,31),(17,'4','В',1990,86),(18,'10','В',1982,63),(19,'4','Г',1975,32),(20,'11','Б',2005,48),(21,'6','Б',2019,76),(22,'10','А',1978,51),(23,'2','Б',1996,42),(24,'9','А',2003,43),(25,'6','В',2004,97),(26,'4','Г',1981,97),(27,'2','Г',2016,63),(28,'4','В',1993,88),(29,'9','В',1998,26),(30,'8','Б',1982,48),(31,'5','Б',2014,44),(32,'5','Г',1988,48),(33,'10','В',1998,9),(34,'7','В',2001,71),(35,'6','Б',1998,61),(36,'11','В',2012,45),(37,'7','Б',2003,81),(38,'10','В',1977,57),(39,'1','В',1980,87),(40,'3','А',2010,67),(41,'5','Г',1972,13),(42,'2','А',2007,80),(43,'2','Б',2005,2),(44,'4','А',1991,5),(45,'3','А',1976,87),(46,'2','Б',1986,5),(47,'4','Г',2020,66),(48,'11','Б',2015,37),(49,'4','А',1982,9),(50,'8','Г',2000,83),(51,'11','Г',1991,86),(52,'4','Г',2012,21),(53,'2','А',2018,24),(54,'6','Г',1973,33),(55,'6','Г',2011,89),(56,'3','Г',2012,49),(57,'11','Б',1991,58),(58,'1','В',2007,52),(59,'8','В',2008,42),(60,'2','А',2020,76),(61,'9','В',1996,7),(62,'2','А',1975,34),(63,'11','Г',2015,9),(64,'6','В',1974,31),(65,'6','А',1999,23),(66,'4','В',1982,90),(67,'10','Б',1995,58),(68,'5','Г',2019,63),(69,'11','В',1988,14),(70,'10','Б',2015,42),(71,'1','А',1970,66),(72,'5','А',1996,81),(73,'8','А',2011,77),(74,'1','Б',2005,22),(75,'7','Б',1983,30),(76,'8','В',1975,10),(77,'7','А',2007,15),(78,'8','Г',1978,35),(79,'5','А',1988,75),(80,'4','В',1974,71),(81,'8','В',1977,13),(82,'11','А',1989,8),(83,'11','В',2010,14),(84,'11','Г',1979,87),(85,'7','А',1989,49),(86,'1','В',2001,16),(87,'4','Г',1978,67),(88,'8','В',2018,33),(89,'4','Г',1984,67),(90,'8','В',2015,13),(91,'3','А',2016,74),(92,'10','В',2018,69),(93,'2','Б',2012,29),(94,'8','В',2005,31),(95,'9','А',2019,41),(96,'10','Г',2002,60);
/*!40000 ALTER TABLE `classes` ENABLE KEYS */;
UNLOCK TABLES;

--
-- Table structure for table `disciplines`
--

DROP TABLE IF EXISTS `disciplines`;
/*!40101 SET @saved_cs_client     = @@character_set_client */;
/*!50503 SET character_set_client = utf8mb4 */;
CREATE TABLE `disciplines` (
  `discipline_id` int unsigned NOT NULL AUTO_INCREMENT COMMENT 'Идентификатор строки',
  `discipline` varchar(150) CHARACTER SET utf8mb4 COLLATE utf8mb4_unicode_ci DEFAULT NULL COMMENT 'Наименование предмета',
  PRIMARY KEY (`discipline_id`)
) ENGINE=InnoDB AUTO_INCREMENT=51 DEFAULT CHARSET=utf8mb4 COLLATE=utf8mb4_unicode_ci COMMENT='Предмет (дисциплина)';
/*!40101 SET character_set_client = @saved_cs_client */;

--
-- Dumping data for table `disciplines`
--

LOCK TABLES `disciplines` WRITE;
/*!40000 ALTER TABLE `disciplines` DISABLE KEYS */;
INSERT INTO `disciplines` VALUES (1,'Remington River'),(2,'Kemmer Parkway'),(3,'Mohr Isle'),(4,'Elian Row'),(5,'Nitzsche Cliff'),(6,'Rylan Flats'),(7,'Arlene Dam'),(8,'Marcelle View'),(9,'Eliezer Expressway'),(10,'Enrico Tunnel'),(11,'Hane Circles'),(12,'Reilly Parkways'),(13,'Moore Greens'),(14,'Elroy Dale'),(15,'Samantha Orchard'),(16,'D\'Amore Oval'),(17,'Nikolaus Mountains'),(18,'Loy Circle'),(19,'Mathilde Extensions'),(20,'Seth Streets'),(21,'Bogan Plaza'),(22,'Keeling Corners'),(23,'Mante Expressway'),(24,'Trantow Bypass'),(25,'Abe Island'),(26,'Tillman Pike'),(27,'Lucienne Overpass'),(28,'Gennaro Stravenue'),(29,'Jovan Cape'),(30,'Volkman Union'),(31,'Hayes Summit'),(32,'Jarrod Radial'),(33,'Prince Ports'),(34,'Rutherford Manor'),(35,'Lorenza Lodge'),(36,'Gilda Rapid'),(37,'Funk Mountains'),(38,'Stracke Port'),(39,'Gabriella Row'),(40,'Wolff Valleys'),(41,'Ciara Field'),(42,'King Cove'),(43,'Stehr Tunnel'),(44,'Hauck Heights'),(45,'Gregoria Crossroad'),(46,'Sipes Dam'),(47,'Rogahn Knolls'),(48,'Adelia Isle'),(49,'Bahringer Point'),(50,'Torphy Manors');
/*!40000 ALTER TABLE `disciplines` ENABLE KEYS */;
UNLOCK TABLES;

--
-- Table structure for table `itog_grades`
--

DROP TABLE IF EXISTS `itog_grades`;
/*!40101 SET @saved_cs_client     = @@character_set_client */;
/*!50503 SET character_set_client = utf8mb4 */;
CREATE TABLE `itog_grades` (
  `id` int unsigned NOT NULL AUTO_INCREMENT COMMENT 'Идентификатор строки',
  `student_id` int unsigned NOT NULL COMMENT 'Ссылка на ученика',
  `discipline_id` int unsigned NOT NULL COMMENT 'Ссылка на предмет',
  `grade` varchar(10) CHARACTER SET utf8mb4 COLLATE utf8mb4_unicode_ci DEFAULT NULL COMMENT 'Оценка',
  `teacher_id` int unsigned NOT NULL COMMENT 'Ссылка на учителя, поставившего оценку',
  PRIMARY KEY (`id`),
  KEY `itog_grades_student_id_fk` (`student_id`),
  KEY `itog_grades_discipline_id_fk` (`discipline_id`),
  KEY `itog_grades_teacher_id_fk` (`teacher_id`),
  CONSTRAINT `itog_grades_discipline_id_fk` FOREIGN KEY (`discipline_id`) REFERENCES `disciplines` (`discipline_id`) ON DELETE CASCADE,
  CONSTRAINT `itog_grades_student_id_fk` FOREIGN KEY (`student_id`) REFERENCES `students` (`student_id`) ON DELETE CASCADE,
  CONSTRAINT `itog_grades_teacher_id_fk` FOREIGN KEY (`teacher_id`) REFERENCES `teachers` (`teacher_id`) ON DELETE CASCADE
) ENGINE=InnoDB AUTO_INCREMENT=101 DEFAULT CHARSET=utf8mb4 COLLATE=utf8mb4_unicode_ci COMMENT='Итоговые оценки';
/*!40101 SET character_set_client = @saved_cs_client */;

--
-- Dumping data for table `itog_grades`
--

LOCK TABLES `itog_grades` WRITE;
/*!40000 ALTER TABLE `itog_grades` DISABLE KEYS */;
INSERT INTO `itog_grades` VALUES (1,100,20,'2',66),(2,15,19,'3',33),(3,3,38,'4',1),(4,39,30,'2',66),(5,63,4,'3',55),(6,87,34,'2',62),(7,46,26,'4',22),(8,32,42,'4',96),(9,10,25,'1',77),(10,36,33,'3',23),(11,47,35,'1',8),(12,29,48,'3',84),(13,60,8,'4',88),(14,51,35,'1',20),(15,14,32,'4',31),(16,30,31,'5',61),(17,32,25,'5',21),(18,40,29,'5',53),(19,5,15,'3',82),(20,84,40,'2',20),(21,87,13,'4',95),(22,47,18,'4',71),(23,29,18,'2',25),(24,93,20,'4',76),(25,79,45,'3',10),(26,49,22,'3',96),(27,62,34,'3',77),(28,100,21,'1',84),(29,94,44,'4',93),(30,61,41,'5',81),(31,19,14,'1',30),(32,90,33,'1',64),(33,54,35,'5',78),(34,85,36,'4',23),(35,41,16,'4',49),(36,41,10,'4',88),(37,99,48,'2',10),(38,51,32,'5',55),(39,8,19,'4',56),(40,68,16,'3',1),(41,72,16,'4',56),(42,45,25,'5',25),(43,63,39,'1',4),(44,52,7,'4',50),(45,10,44,'4',93),(46,99,35,'4',15),(47,46,31,'1',17),(48,26,3,'4',70),(49,87,38,'3',65),(50,40,19,'3',46),(51,87,12,'1',2),(52,3,1,'5',32),(53,95,15,'4',66),(54,82,4,'2',14),(55,21,2,'5',46),(56,97,22,'3',70),(57,78,31,'1',22),(58,60,46,'1',53),(59,47,13,'5',26),(60,58,23,'1',39),(61,30,24,'5',70),(62,79,49,'2',77),(63,82,6,'3',67),(64,57,26,'2',81),(65,87,4,'4',33),(66,47,27,'1',46),(67,64,13,'5',94),(68,100,24,'3',7),(69,74,36,'1',69),(70,60,14,'1',41),(71,61,25,'2',27),(72,79,41,'1',22),(73,17,46,'3',65),(74,81,36,'1',38),(75,30,20,'1',47),(76,25,45,'1',23),(77,24,23,'3',47),(78,56,32,'3',6),(79,15,34,'3',12),(80,69,29,'5',61),(81,93,5,'3',2),(82,5,27,'2',73),(83,2,23,'3',86),(84,16,13,'1',54),(85,52,14,'5',61),(86,22,13,'3',47),(87,79,49,'4',90),(88,86,30,'4',44),(89,85,40,'3',74),(90,30,6,'1',27),(91,40,17,'5',64),(92,97,37,'5',24),(93,99,5,'3',23),(94,76,8,'4',61),(95,91,12,'5',50),(96,20,39,'1',20),(97,46,44,'5',39),(98,22,25,'4',71),(99,87,16,'2',93),(100,77,14,'3',39);
/*!40000 ALTER TABLE `itog_grades` ENABLE KEYS */;
UNLOCK TABLES;

--
-- Table structure for table `lessons`
--

DROP TABLE IF EXISTS `lessons`;
/*!40101 SET @saved_cs_client     = @@character_set_client */;
/*!50503 SET character_set_client = utf8mb4 */;
CREATE TABLE `lessons` (
  `lesson_id` int unsigned NOT NULL AUTO_INCREMENT COMMENT 'Идентификатор строки',
  `lesson_DATE` date DEFAULT NULL COMMENT 'Дата урока',
  `subject_id` int unsigned NOT NULL COMMENT 'Ссылка на объект урока',
  `topic` varchar(255) CHARACTER SET utf8mb4 COLLATE utf8mb4_unicode_ci DEFAULT NULL COMMENT 'Тема урока',
  `dz` varchar(100) CHARACTER SET utf8mb4 COLLATE utf8mb4_unicode_ci DEFAULT NULL COMMENT 'Домашнее задание',
  `active` tinyint(1) DEFAULT NULL COMMENT 'Статус активности',
  `schedule_id` int unsigned NOT NULL COMMENT 'Ссылка на расписание',
  `file` varchar(64) CHARACTER SET utf8mb4 COLLATE utf8mb4_unicode_ci DEFAULT '0' COMMENT 'Файлы',
  `DATE_dz` datetime DEFAULT NULL,
  `DATE_sched` datetime DEFAULT NULL,
  PRIMARY KEY (`lesson_id`),
  KEY `lessons_subject_id_fk` (`subject_id`),
  KEY `lessons_schedule_id_fk` (`schedule_id`),
  CONSTRAINT `lessons_schedule_id_fk` FOREIGN KEY (`schedule_id`) REFERENCES `schedule` (`id_schedule`) ON DELETE CASCADE,
  CONSTRAINT `lessons_subject_id_fk` FOREIGN KEY (`subject_id`) REFERENCES `subjects` (`subject_id`) ON DELETE CASCADE
) ENGINE=InnoDB AUTO_INCREMENT=101 DEFAULT CHARSET=utf8mb4 COLLATE=utf8mb4_unicode_ci COMMENT='Урок';
/*!40101 SET character_set_client = @saved_cs_client */;

--
-- Dumping data for table `lessons`
--

LOCK TABLES `lessons` WRITE;
/*!40000 ALTER TABLE `lessons` DISABLE KEYS */;
INSERT INTO `lessons` VALUES (1,'1974-03-11',16,'Corrupti illum ut itaque est voluptates.','Neque quos et quam ducimus rerum minus dolor harum. Iusto vel illo maiores unde maxime velit dolorum',1,58,'http://dropbox.net/lessons.png','2007-07-22 21:12:58','2021-05-21 09:49:52'),(2,'1970-01-01',19,'Quia dolore non qui consequatur ex quam error.','Aut in nobis est sequi. Qui non possimus doloribus sunt nemo eius. Pariatur nobis quis consectetur q',1,32,'http://dropbox.net/lessons.jpeg','1983-05-29 11:51:59','2021-05-21 09:49:52'),(3,'2004-11-27',17,'Blanditiis qui qui quod est.','Consequatur iste et doloribus quidem maxime fuga tempore. Inventore nisi quia illum qui et odio dolo',1,81,'http://dropbox.net/lessons.png','2006-09-14 06:04:45','2021-05-21 09:50:40'),(4,'2003-06-20',14,'Et voluptatem qui reprehenderit suscipit voluptas laudantium a.','Omnis qui aut ad reprehenderit. Eum sunt non rem assumenda autem consequuntur omnis. Blanditiis in q',0,92,'http://dropbox.net/lessons.avi','1970-03-26 01:33:39','2021-05-21 09:49:52'),(5,'2010-08-31',3,'Voluptatum nam ea nemo temporibus ipsum vitae.','Ut eveniet est corporis ullam rerum. Similique expedita dolorem quibusdam. Doloremque modi possimus ',1,59,'http://dropbox.net/lessons.png','2007-11-03 13:31:13','2021-05-21 09:49:52'),(6,'1983-09-06',35,'Iste omnis nostrum illo voluptas doloribus fugiat ut.','Numquam modi quibusdam amet iusto non quia dolorem. Non qui molestias autem aliquid consequatur. Rat',0,77,'http://dropbox.net/lessons.jpeg','1990-12-09 13:54:25','2021-05-21 09:50:40'),(7,'1983-01-25',21,'Vitae iusto esse quia atque iusto magni odio.','Amet aut eos doloremque quod. Vero temporibus veniam culpa dignissimos sit rerum sapiente temporibus',0,60,'http://dropbox.net/lessons.jpeg','1987-10-21 21:47:00','2021-05-21 09:50:40'),(8,'2001-12-04',40,'Deserunt aspernatur est consequatur voluptas.','Perferendis sint ad ut non quia laudantium. Rerum perferendis quae illum soluta labore iure. Amet es',0,86,'http://dropbox.net/lessons.mp3','1995-06-20 08:02:41','2021-05-21 09:49:52'),(9,'1995-04-08',21,'Quidem reiciendis laudantium maxime similique odio aut aut.','Quos iste eligendi ut numquam consequuntur. Soluta recusandae facilis assumenda et in illum. Dicta n',0,96,'http://dropbox.net/lessons.png','1971-07-28 01:18:50','2021-05-21 09:49:52'),(10,'1971-05-23',43,'Repellat eveniet iste magnam aspernatur a laboriosam.','Deleniti et rerum facere possimus quisquam et quia. A quibusdam voluptas omnis quia a. Est suscipit ',0,3,'http://dropbox.net/lessons.mp3','1992-04-19 23:17:57','2021-05-21 09:49:52'),(11,'2013-07-09',50,'A nihil iure magnam ut.','Id laborum vitae vel quo. Nostrum et vel expedita deleniti sit. Voluptas pariatur accusamus et aut n',1,5,'http://dropbox.net/lessons.jpeg','1998-12-06 04:20:28','2021-05-21 09:49:52'),(12,'2019-12-22',14,'Voluptatem id ut eveniet quo.','Error accusantium ea expedita ratione. Rem impedit dignissimos non. Omnis non velit nam est totam ad',0,52,'http://dropbox.net/lessons.png','2007-03-22 21:16:47','2021-05-21 09:49:52'),(13,'2003-02-09',12,'Commodi ut ipsa inventore a.','Qui ducimus nisi modi odio at aliquid. Velit et est et distinctio natus officia harum. Nisi repudian',0,68,'http://dropbox.net/lessons.png','1984-09-03 11:23:20','2021-05-21 09:49:52'),(14,'2016-08-14',33,'Cum modi temporibus facilis ipsam ex.','Id sit labore repudiandae expedita reprehenderit. Consequatur sunt ipsa ut consequatur pariatur faci',1,43,'http://dropbox.net/lessons.mp4','1974-06-26 23:45:23','2021-05-21 09:49:52'),(15,'1996-04-22',16,'Quo dolorum sapiente consectetur placeat atque fugiat nam.','Qui quod quam dolorem aut eius corporis dolores accusamus. Eligendi dignissimos commodi excepturi po',1,74,'http://dropbox.net/lessons.mp4','2020-07-28 08:14:30','2021-05-21 09:50:40'),(16,'1986-05-19',38,'Commodi et labore sed autem nesciunt veniam.','Dolorum ea id rem et rem veritatis. Atque amet omnis eum sit impedit. Perspiciatis nemo doloremque e',0,80,'http://dropbox.net/lessons.png','1999-07-08 17:24:03','2021-05-21 09:49:52'),(17,'1988-03-03',36,'Eum voluptate eum tempore iste et itaque.','Quam autem reprehenderit voluptatem qui voluptatem. Fugiat necessitatibus tempore et inventore ab qu',1,8,'http://dropbox.net/lessons.mp3','2019-09-15 15:50:34','2021-05-21 09:50:40'),(18,'2015-04-14',4,'Minus voluptas voluptas rerum nihil vitae qui.','Cum labore iste eaque molestiae totam exercitationem. Reiciendis qui eos ipsam harum eum maiores mol',1,16,'http://dropbox.net/lessons.mp3','2007-08-02 08:06:56','2021-05-21 09:50:40'),(19,'1997-12-08',29,'Ducimus temporibus laudantium qui et ea.','Nam nulla qui dolores numquam. Consequatur vitae voluptates est cupiditate molestiae beatae. Blandit',1,58,'http://dropbox.net/lessons.png','2017-03-07 13:08:04','2021-05-21 09:50:40'),(20,'1976-12-03',8,'Inventore exercitationem aperiam ut rerum ut qui.','Rerum ex quibusdam molestias voluptatem deleniti numquam aut. Sed aut quo illum. Natus omnis amet su',1,10,'http://dropbox.net/lessons.png','2006-05-01 01:29:05','2021-05-21 09:50:40'),(21,'2000-04-04',5,'Laboriosam sit quae harum.','Sit ratione labore id dolores quidem. Aut consequatur placeat veritatis eligendi. Culpa voluptatem m',1,9,'http://dropbox.net/lessons.mp4','2007-11-06 18:01:14','2021-05-21 09:50:40'),(22,'1985-12-17',1,'Vero est non assumenda et.','Minima earum ad quia aliquam similique sed similique rem. Repudiandae voluptate voluptates rerum dol',0,53,'http://dropbox.net/lessons.avi','2018-07-12 08:41:14','2021-05-21 09:50:40'),(23,'2018-11-16',30,'Tempora ut quis minima et voluptas hic.','Doloremque id sed impedit eius ut molestias. Molestiae explicabo sit non sint quo quaerat.',1,78,'http://dropbox.net/lessons.mp4','1983-09-14 14:33:23','2021-05-21 09:49:52'),(24,'1981-11-07',4,'Placeat consequatur ut eos modi nisi nesciunt laborum.','Perspiciatis recusandae repellat incidunt dolorum delectus. Dolor sed quia velit officia sed sunt ex',1,76,'http://dropbox.net/lessons.avi','2007-09-05 20:47:53','2021-05-21 09:49:52'),(25,'2008-12-21',34,'Aut autem dignissimos perspiciatis ut non.','Repellendus quisquam omnis quia odio dolor iure harum. Praesentium minus rerum quaerat molestiae et ',1,80,'http://dropbox.net/lessons.mp4','2014-10-01 01:31:28','2021-05-21 09:50:40'),(26,'2000-12-10',19,'Dolor at culpa est amet rerum sint.','Aut maxime quia rerum ut doloribus mollitia. Omnis officiis in et qui nobis quo. Repudiandae id nemo',0,80,'http://dropbox.net/lessons.png','2016-07-05 17:22:04','2021-05-21 09:50:40'),(27,'1973-08-26',34,'Quis veritatis culpa modi omnis.','Voluptatum qui voluptatem et qui quis minima sapiente sed. Dignissimos nesciunt quibusdam repellat n',0,83,'http://dropbox.net/lessons.avi','1986-06-01 16:20:40','2021-05-21 09:49:52'),(28,'1984-02-19',39,'Sunt ut nihil aut incidunt culpa ut.','Modi illo omnis qui impedit quia qui error. Quo alias rerum voluptates qui sunt a. Dolorum eos moles',1,26,'http://dropbox.net/lessons.mp4','1994-10-08 21:29:32','2021-05-21 09:49:52'),(29,'1994-08-03',37,'Libero fugit omnis eum corporis similique.','Fugiat nostrum atque quasi. Cum quod omnis rerum mollitia qui consequatur. Dolorum sequi fuga volupt',0,49,'http://dropbox.net/lessons.png','2003-09-24 15:20:08','2021-05-21 09:49:52'),(30,'2019-07-23',3,'Numquam et molestias rerum qui praesentium voluptatibus.','Voluptatibus blanditiis vitae ut placeat impedit consequatur doloremque. Mollitia pariatur maiores f',0,63,'http://dropbox.net/lessons.avi','1989-06-30 20:59:36','2021-05-21 09:49:52'),(31,'1981-12-24',39,'Ad libero velit voluptatibus eveniet rerum saepe.','Illo eos ut doloribus et ab cupiditate necessitatibus. Quisquam dolores ea fugiat optio eaque delect',0,56,'http://dropbox.net/lessons.mp3','1993-03-19 09:58:31','2021-05-21 09:50:40'),(32,'1990-07-29',25,'Assumenda sint sint rem reiciendis nulla minus dolore.','Ab sed quo eos laboriosam et. Error nisi voluptatem ratione corrupti. Illo tenetur laboriosam in nul',0,6,'http://dropbox.net/lessons.avi','2009-04-19 09:57:08','2021-05-21 09:50:40'),(33,'2020-03-21',8,'Praesentium rerum ipsa quia non laudantium enim voluptas.','Dolore mollitia odio quidem placeat. Cupiditate rem maiores odio veniam adipisci aut. Quia vel id at',0,29,'http://dropbox.net/lessons.png','1988-02-14 00:38:04','2021-05-21 09:49:52'),(34,'1982-12-04',46,'Voluptatem iste perferendis qui commodi quos id repellendus.','Facere tempora sunt corporis reprehenderit fuga dolore blanditiis. Occaecati fugiat magnam odit eum ',1,59,'http://dropbox.net/lessons.mp4','2013-08-10 21:16:18','2021-05-21 09:50:40'),(35,'2009-04-16',49,'Neque aut incidunt voluptatibus earum porro dicta.','Ipsum et optio incidunt est dolor. Incidunt ut beatae non sint libero. Veritatis repellat fugiat rer',1,17,'http://dropbox.net/lessons.mp4','2004-07-12 10:13:27','2021-05-21 09:50:40'),(36,'1993-04-22',40,'Et nemo aut aliquid voluptatem molestias.','Sunt qui autem dolorem reprehenderit ipsam dicta. Cumque aut dolores neque voluptatibus distinctio. ',1,29,'http://dropbox.net/lessons.mp3','1981-05-29 11:11:52','2021-05-21 09:49:52'),(37,'1972-08-18',45,'Velit enim aut vero quae tempore ut rerum.','Voluptatem fugiat exercitationem facere ut qui voluptate. Molestiae et adipisci et est consequatur. ',0,92,'http://dropbox.net/lessons.mp4','2007-12-08 03:53:51','2021-05-21 09:49:52'),(38,'1999-01-07',47,'Praesentium nulla blanditiis vel voluptatibus quod architecto.','Quia nam sit facere. Corporis officiis est ut quis. Consequuntur aliquam vitae porro id repellat.',1,82,'http://dropbox.net/lessons.jpeg','1992-07-01 23:13:32','2021-05-21 09:49:52'),(39,'1989-02-05',45,'Architecto labore consequatur aut eius.','Qui neque qui natus earum itaque inventore quis. Sunt voluptatem ex iusto. Ipsum maiores maiores fac',1,56,'http://dropbox.net/lessons.png','2015-06-06 13:07:24','2021-05-21 09:50:40'),(40,'1975-08-15',9,'Eum nostrum adipisci aut molestiae corrupti.','Distinctio quae rem veniam molestiae. Ut nisi explicabo qui cumque nihil sint. Dolore illum a pariat',0,95,'http://dropbox.net/lessons.jpeg','1999-05-06 16:41:04','2021-05-21 09:49:52'),(41,'1998-05-31',43,'Quibusdam corrupti vel voluptas amet voluptas et dolorem.','Voluptates enim eos quia ut. Mollitia nisi aliquid iure tempora quia corporis voluptatem. Recusandae',0,92,'http://dropbox.net/lessons.mp4','2008-03-03 18:37:16','2021-05-21 09:50:40'),(42,'1994-04-17',33,'Et nostrum ex sapiente velit nostrum voluptates.','Est cum voluptatem laudantium. Doloribus aliquid voluptatem quasi quos veritatis sed sed. Explicabo ',1,71,'http://dropbox.net/lessons.jpeg','1981-01-05 10:17:45','2021-05-21 09:49:52'),(43,'1984-10-11',27,'Qui cumque exercitationem odit tempora.','Ratione impedit nemo iste minus neque id odio. Exercitationem voluptas possimus aperiam voluptas sit',0,92,'http://dropbox.net/lessons.mp3','1996-09-26 07:19:09','2021-05-21 09:50:40'),(44,'2003-07-03',39,'Cupiditate earum qui consequatur.','Dolor sint quod quia id adipisci porro nemo. Corporis delectus repudiandae eligendi recusandae amet ',1,99,'http://dropbox.net/lessons.avi','1996-06-15 22:50:38','2021-05-21 09:49:52'),(45,'1973-08-31',18,'Error provident et ut.','Odit explicabo tempora ut aut. Beatae rerum id ut molestiae voluptatem accusantium. Exercitationem a',0,75,'http://dropbox.net/lessons.mp3','1975-09-07 20:57:27','2021-05-21 09:50:40'),(46,'2000-04-30',14,'Et impedit dolor sit occaecati laudantium quis.','Illum rerum quae et dolorem sit. Et alias accusantium quod sit ut. Molestiae nesciunt nemo vitae. Ni',0,70,'http://dropbox.net/lessons.mp3','2012-01-17 08:30:55','2021-05-21 09:49:52'),(47,'1985-02-19',19,'Et quidem enim reiciendis et est dolores voluptates.','Cupiditate tenetur expedita ullam. Est id occaecati suscipit voluptatem nulla cumque sint assumenda.',0,73,'http://dropbox.net/lessons.avi','2000-05-19 17:55:03','2021-05-21 09:49:52'),(48,'1974-10-17',2,'Est sit qui ab soluta dolorum blanditiis id.','Quidem recusandae totam excepturi in veniam est deserunt amet. Rem nesciunt nulla nobis. Ducimus ut ',0,42,'http://dropbox.net/lessons.mp3','2018-09-26 04:45:52','2021-05-21 09:50:40'),(49,'1970-01-04',32,'Saepe nobis sit possimus ipsam reiciendis.','Quia et ipsum quis repellendus sed omnis corrupti dignissimos. Quos aperiam nobis quidem quos. Cum i',1,37,'http://dropbox.net/lessons.mp3','1978-01-26 19:40:59','2021-05-21 09:49:52'),(50,'2003-02-12',50,'Voluptates aspernatur quia vel quis sit molestiae.','Nobis autem temporibus suscipit odit. Sunt vel est rem pariatur voluptates dolore sint. Ut cupiditat',1,82,'http://dropbox.net/lessons.png','2011-04-15 13:56:19','2021-05-21 09:50:40'),(51,'2009-01-09',9,'Sed debitis maiores voluptatum dolores maiores natus.','Dolores neque ipsum ipsam odio. Omnis sit animi cumque natus pariatur voluptatibus.',0,37,'http://dropbox.net/lessons.avi','1981-12-02 22:55:36','2021-05-21 09:50:40'),(52,'1986-05-06',41,'Autem in quasi occaecati rerum nobis eos.','Et quis eum facere odit ipsum possimus. Velit recusandae quo enim necessitatibus. Porro perspiciatis',1,19,'http://dropbox.net/lessons.avi','1992-09-07 10:57:50','2021-05-21 09:49:52'),(53,'1992-05-25',49,'Quam et eum aspernatur aut molestias iste.','Dolorem dolores illo harum. Et ut repellendus culpa est impedit ex. Amet sit earum soluta ex nihil e',1,7,'http://dropbox.net/lessons.png','1985-07-19 19:13:59','2021-05-21 09:50:40'),(54,'2005-02-17',12,'Hic facilis rerum illo.','Sequi ratione laudantium repudiandae blanditiis amet repudiandae provident qui. Ea itaque numquam in',1,100,'http://dropbox.net/lessons.avi','1975-03-27 20:47:31','2021-05-21 09:49:52'),(55,'2021-01-21',43,'Sit veniam quidem a.','Dolores recusandae vitae fugiat iure quo. Accusantium vel magni non est non praesentium voluptatem. ',1,99,'http://dropbox.net/lessons.avi','1987-02-18 14:10:53','2021-05-21 09:50:40'),(56,'1977-12-06',35,'Est fuga rerum possimus totam.','Atque praesentium incidunt et ipsum. Distinctio odio molestias dicta.',1,83,'http://dropbox.net/lessons.mp3','1998-11-27 12:19:52','2021-05-21 09:50:40'),(57,'1990-08-20',17,'Unde sit facere impedit fugiat.','Quia maiores ducimus qui rem. Et vel et accusantium. Natus qui dolores sed ducimus. Sit qui eum et s',1,83,'http://dropbox.net/lessons.avi','1998-10-28 00:16:14','2021-05-21 09:49:52'),(58,'1976-11-17',27,'Dolorem harum aliquid nulla minima.','Eveniet laudantium quia dolorem dolorem autem sunt voluptatem cumque. Harum magnam quia voluptatem o',1,47,'http://dropbox.net/lessons.jpeg','2005-01-18 22:46:30','2021-05-21 09:50:40'),(59,'1987-05-17',25,'Nam quidem deserunt dolorem modi dolorem libero voluptatem quia.','Deserunt officia nesciunt eos. Ipsum consectetur ad quia excepturi impedit. Qui tempore quas quas do',0,80,'http://dropbox.net/lessons.jpeg','2015-02-25 21:51:49','2021-05-21 09:50:40'),(60,'2015-10-18',47,'Nam nisi placeat asperiores eaque enim quod consectetur dolores.','Distinctio consequatur sit id. Voluptatum unde et sed.',1,60,'http://dropbox.net/lessons.png','1988-09-21 18:31:02','2021-05-21 09:50:40'),(61,'1976-09-12',42,'Voluptas sit ut nisi nam voluptatem eum temporibus.','Vel aspernatur saepe suscipit aperiam et earum. Sint assumenda omnis quis laborum sint ipsum. Quo ex',1,81,'http://dropbox.net/lessons.mp4','2007-06-02 18:55:12','2021-05-21 09:50:40'),(62,'1978-11-27',19,'Eligendi quasi sit distinctio est eligendi.','Voluptas ducimus ut fugiat mollitia est. Sed voluptas quas voluptatum tenetur error ab modi. Dolorem',1,26,'http://dropbox.net/lessons.mp4','2013-07-27 00:57:16','2021-05-21 09:49:52'),(63,'2015-08-11',46,'Distinctio et error magni quaerat corporis autem ad.','Provident repudiandae velit ea facilis accusamus minus qui. Sint autem molestiae rerum possimus aspe',0,94,'http://dropbox.net/lessons.mp4','1981-02-17 18:03:29','2021-05-21 09:50:40'),(64,'2006-08-01',27,'Et in itaque incidunt cumque rerum aut aut ipsum.','Fuga non aut vel delectus ipsam eos rem. Qui nam sed consequatur aut incidunt. Nostrum eum dolorem s',1,49,'http://dropbox.net/lessons.jpeg','1997-04-29 15:11:41','2021-05-21 09:49:52'),(65,'1992-04-11',14,'Numquam nihil doloremque libero et.','Qui aut labore veniam porro unde id. Deleniti repellendus quos sed quis repudiandae quis. Labore vol',0,71,'http://dropbox.net/lessons.png','2012-01-25 04:27:54','2021-05-21 09:49:52'),(66,'2004-08-04',50,'Ratione consequatur cumque repellat blanditiis.','Aperiam sapiente tempore rerum consequuntur occaecati inventore et. Ducimus magnam iusto natus deser',0,59,'http://dropbox.net/lessons.avi','1998-05-01 21:29:31','2021-05-21 09:50:40'),(67,'2019-10-14',19,'Est saepe id beatae ducimus rerum nisi in.','Quia harum eos et asperiores harum id perferendis enim. Quo dolore consequatur doloribus ullam cum m',1,80,'http://dropbox.net/lessons.png','2005-02-08 01:27:06','2021-05-21 09:49:52'),(68,'1996-07-24',19,'Iste dolor et in ea.','Ut odio reiciendis adipisci. Non nulla quibusdam aut voluptas odit vel ut. Quaerat iusto et est maio',0,35,'http://dropbox.net/lessons.mp4','2013-01-20 10:36:45','2021-05-21 09:50:40'),(69,'2000-06-15',34,'Voluptatum sequi non dolor tenetur natus.','Architecto in mollitia distinctio soluta est praesentium vel. Exercitationem nemo velit molestiae ne',1,69,'http://dropbox.net/lessons.avi','2009-07-02 13:59:35','2021-05-21 09:49:52'),(70,'2015-04-20',19,'Beatae velit consequuntur earum ullam.','Voluptatibus est qui cupiditate consequatur ipsa dolor. Sit tenetur officia rerum animi. Vero eum et',0,42,'http://dropbox.net/lessons.mp3','2008-01-11 18:07:39','2021-05-21 09:50:40'),(71,'1980-07-03',45,'Dolores ea quia aut iure.','Quae totam blanditiis ipsa voluptas deserunt. Ipsa voluptatem est quae ut expedita reiciendis quas. ',1,10,'http://dropbox.net/lessons.mp3','1982-12-31 07:11:37','2021-05-21 09:49:52'),(72,'1979-09-19',45,'Consectetur veritatis numquam optio.','Nihil illo cum corrupti consequuntur animi ab. Totam nostrum dolorem ut est. Rerum quidem beatae et ',1,57,'http://dropbox.net/lessons.mp3','2009-02-05 23:49:13','2021-05-21 09:49:52'),(73,'2002-12-27',21,'Labore omnis illo id aliquid.','Repellat sit quis tenetur laborum. Soluta qui aut blanditiis dignissimos saepe nesciunt nihil nam. Q',0,92,'http://dropbox.net/lessons.png','2014-12-14 06:16:59','2021-05-21 09:50:40'),(74,'1984-01-07',49,'Aliquam et et non voluptatem laborum neque architecto.','Quas esse autem quibusdam illum ut laborum. Expedita est qui aut et velit aliquam non. Sed occaecati',0,39,'http://dropbox.net/lessons.mp4','2003-08-18 21:19:10','2021-05-21 09:49:52'),(75,'2005-05-12',30,'Maiores voluptatem aperiam adipisci ut ducimus.','Aut quod tenetur quis corrupti dolores eum. Veritatis distinctio iste ipsam quos. Non non et culpa e',0,14,'http://dropbox.net/lessons.mp4','1985-04-20 10:55:44','2021-05-21 09:50:40'),(76,'1990-07-23',42,'Recusandae cum est voluptatum autem adipisci ducimus.','Et dolorem aut vitae aut facilis dolor quia. Aut voluptatem repellat quo quia. Saepe iure odit et si',0,78,'http://dropbox.net/lessons.avi','1993-07-02 15:01:44','2021-05-21 09:49:52'),(77,'2014-01-23',37,'Qui repudiandae in temporibus numquam repellendus unde.','Nostrum aliquid iusto excepturi voluptas quo. Sed velit accusantium sed aut repudiandae velit. Qui q',1,5,'http://dropbox.net/lessons.png','1986-01-23 15:27:54','2021-05-21 09:50:40'),(78,'1972-01-22',50,'Sint et nulla ea alias odit sed nesciunt.','Repudiandae consequatur consequatur assumenda aspernatur. Et nam repellendus iste nulla ipsa quia et',0,61,'http://dropbox.net/lessons.png','1980-11-16 17:08:01','2021-05-21 09:49:52'),(79,'2017-12-01',38,'Ipsum molestias sit similique facilis nulla corrupti.','Saepe eos ullam natus voluptatem. Qui nesciunt quia voluptas debitis.',0,44,'http://dropbox.net/lessons.mp3','1990-11-01 20:16:54','2021-05-21 09:50:40'),(80,'1983-04-29',46,'Animi nisi consequatur officia sunt.','Aut commodi nihil deserunt aliquam. Nulla asperiores et fugit. Dolores dolorum quibusdam qui libero ',0,100,'http://dropbox.net/lessons.jpeg','1985-06-14 11:18:37','2021-05-21 09:50:40'),(81,'2008-05-31',49,'Et sunt porro corporis qui consequatur facilis.','Voluptate fuga et ad consequuntur ut nesciunt et est. Possimus ex consequatur voluptatibus dolores c',1,49,'http://dropbox.net/lessons.avi','1971-12-29 23:30:48','2021-05-21 09:49:52'),(82,'1984-08-31',22,'Nihil magnam esse eum nobis ipsum.','Non iste aut numquam soluta itaque. Autem molestiae amet impedit magnam necessitatibus. Quod perfere',0,36,'http://dropbox.net/lessons.png','1988-11-06 11:50:01','2021-05-21 09:50:40'),(83,'1982-09-28',2,'Soluta et sint quas deleniti hic aut sint.','Quia delectus cupiditate eveniet in doloribus deserunt deserunt. Consequatur aut itaque perspiciatis',0,5,'http://dropbox.net/lessons.png','1982-06-27 11:47:07','2021-05-21 09:49:52'),(84,'2000-10-13',23,'Qui et atque in corporis ipsam.','Et dolor sint velit tempore. Ipsam occaecati eum a amet quae. Sit et assumenda hic soluta nostrum et',0,31,'http://dropbox.net/lessons.mp4','2008-07-05 04:49:43','2021-05-21 09:50:40'),(85,'2005-09-01',23,'Doloremque reprehenderit quia error enim eius.','Sint quasi quidem molestias. Dignissimos quos ea consequatur nam sunt dolor laborum beatae. Eos reic',0,26,'http://dropbox.net/lessons.jpeg','1973-06-25 16:34:05','2021-05-21 09:49:52'),(86,'1976-01-27',17,'Minima ullam nostrum enim est.','Sed fuga corporis sint tempora quas suscipit. Tenetur facilis dolorem ut quas. Totam omnis facere do',1,94,'http://dropbox.net/lessons.jpeg','1996-08-27 15:43:08','2021-05-21 09:49:52'),(87,'2001-07-29',41,'Totam sed modi et est tempora.','Magni impedit quia quia delectus harum quos accusamus. Ad omnis nobis qui cum nihil soluta quo. Et d',1,23,'http://dropbox.net/lessons.png','1975-10-15 14:14:36','2021-05-21 09:49:52'),(88,'1971-07-12',34,'Labore assumenda eos et itaque voluptatum et.','Fugit blanditiis dicta sunt tenetur. Rerum rerum quam sit. Quia doloremque voluptas libero temporibu',0,86,'http://dropbox.net/lessons.jpeg','1976-08-03 03:55:43','2021-05-21 09:49:52'),(89,'2001-10-21',30,'Veritatis rerum autem nisi ad molestiae aspernatur.','Voluptas eveniet veniam aut dolorem pariatur. Facere placeat ipsum aut numquam harum aspernatur. Id ',0,6,'http://dropbox.net/lessons.avi','2010-07-24 19:12:32','2021-05-21 09:50:40'),(90,'1990-05-06',10,'Voluptas facere non explicabo ipsa dolor eum nisi.','Quaerat distinctio id ut distinctio fugit qui nemo at. Sit iusto autem debitis soluta inventore vel.',1,59,'http://dropbox.net/lessons.png','1987-10-04 08:35:38','2021-05-21 09:50:40'),(91,'1990-01-24',43,'Et perferendis quia aliquam officiis dolorum.','Eaque fuga beatae earum omnis maiores et aut. Asperiores qui occaecati ratione nisi quia. Reprehende',0,92,'http://dropbox.net/lessons.avi','2017-05-17 21:13:48','2021-05-21 09:50:40'),(92,'1985-01-24',42,'Dignissimos rerum dolores ut excepturi eos.','Saepe neque molestiae consequatur voluptas doloribus. Quos cumque aut sint ea. Illum ex nobis non vo',1,90,'http://dropbox.net/lessons.mp3','1997-11-11 00:03:21','2021-05-21 09:49:52'),(93,'1976-01-17',2,'Sint quisquam enim et et.','Dolores perspiciatis et non quos officia repudiandae. Id id quaerat molestiae perferendis dolores di',0,84,'http://dropbox.net/lessons.avi','2003-12-25 21:37:55','2021-05-21 09:49:52'),(94,'1998-10-12',27,'Voluptatem explicabo occaecati explicabo.','Rem aperiam veniam dolor aut quisquam. Sunt sapiente ut necessitatibus earum iure. Maxime officiis e',0,5,'http://dropbox.net/lessons.png','2015-01-09 12:56:24','2021-05-21 09:50:40'),(95,'2019-03-29',17,'Consectetur iusto aut eveniet.','Iure maxime eum repellat nisi consequatur asperiores. Adipisci quos aut consequatur quia distinctio.',1,5,'http://dropbox.net/lessons.mp4','1978-09-15 16:08:49','2021-05-21 09:49:52'),(96,'1991-10-17',41,'Enim eaque iure ea est in ex.','Molestias deleniti aut eos sit voluptas aspernatur natus. Id repellat reprehenderit eius facilis eni',1,88,'http://dropbox.net/lessons.mp4','1977-07-05 19:07:15','2021-05-21 09:49:52'),(97,'2004-02-12',5,'Rerum ab natus ducimus fugit qui dicta aliquid voluptate.','Quidem veniam ea quia et ipsam. Nobis beatae amet deserunt illum non asperiores provident molestiae.',1,14,'http://dropbox.net/lessons.jpeg','1999-04-09 04:02:55','2021-05-21 09:50:40'),(98,'1987-07-31',33,'Quos libero aspernatur eum rem qui sapiente.','Rem doloribus quae iste. Reiciendis natus exercitationem necessitatibus ut perferendis.',1,59,'http://dropbox.net/lessons.png','2009-04-30 16:04:24','2021-05-21 09:49:52'),(99,'1997-03-03',11,'Sint voluptas sapiente eum rerum.','Repudiandae vitae ipsum ipsum in sit id cum. At animi rem quos. Sint assumenda a nostrum. Nulla cons',1,99,'http://dropbox.net/lessons.mp4','2007-02-02 06:04:10','2021-05-21 09:50:40'),(100,'2011-07-27',12,'Eligendi quam perferendis et sequi quaerat.','Est odit sequi ea quia consequatur a. Reprehenderit magnam exercitationem dicta. Dignissimos facere ',0,21,'http://dropbox.net/lessons.mp4','1990-01-19 20:23:52','2021-05-21 09:50:40');
/*!40000 ALTER TABLE `lessons` ENABLE KEYS */;
UNLOCK TABLES;

--
-- Table structure for table `parents`
--

DROP TABLE IF EXISTS `parents`;
/*!40101 SET @saved_cs_client     = @@character_set_client */;
/*!50503 SET character_set_client = utf8mb4 */;
CREATE TABLE `parents` (
  `parent_id` int unsigned NOT NULL AUTO_INCREMENT COMMENT 'Идентификатор строки',
  `last_name` varchar(25) CHARACTER SET utf8mb4 COLLATE utf8mb4_unicode_ci DEFAULT NULL COMMENT 'Имя',
  `first_name` varchar(25) CHARACTER SET utf8mb4 COLLATE utf8mb4_unicode_ci DEFAULT NULL COMMENT 'Фамилия',
  `middle_name` varchar(25) CHARACTER SET utf8mb4 COLLATE utf8mb4_unicode_ci DEFAULT NULL COMMENT 'Полное имя',
  `login` varchar(32) CHARACTER SET utf8mb4 COLLATE utf8mb4_unicode_ci DEFAULT NULL COMMENT 'Логин',
  `password` varchar(32) CHARACTER SET utf8mb4 COLLATE utf8mb4_unicode_ci DEFAULT NULL COMMENT 'Пароль',
  `relative_id` int unsigned DEFAULT NULL COMMENT 'Ссылка на идентификатор родства',
  `address` varchar(255) CHARACTER SET utf8mb4 COLLATE utf8mb4_unicode_ci DEFAULT NULL COMMENT 'Адрес',
  `phone` varchar(25) CHARACTER SET utf8mb4 COLLATE utf8mb4_unicode_ci DEFAULT NULL COMMENT 'Телефон',
  `work_phone` varchar(25) CHARACTER SET utf8mb4 COLLATE utf8mb4_unicode_ci DEFAULT NULL COMMENT 'Рабочий телефон',
  `email` varchar(25) CHARACTER SET utf8mb4 COLLATE utf8mb4_unicode_ci DEFAULT NULL COMMENT 'Почта',
  PRIMARY KEY (`parent_id`),
  KEY `parents_relative_id_fk` (`relative_id`),
  CONSTRAINT `parents_relative_id_fk` FOREIGN KEY (`relative_id`) REFERENCES `relatives` (`relative_id`) ON DELETE CASCADE
) ENGINE=InnoDB AUTO_INCREMENT=101 DEFAULT CHARSET=utf8mb4 COLLATE=utf8mb4_unicode_ci COMMENT='Родители';
/*!40101 SET character_set_client = @saved_cs_client */;

--
-- Dumping data for table `parents`
--

LOCK TABLES `parents` WRITE;
/*!40000 ALTER TABLE `parents` DISABLE KEYS */;
INSERT INTO `parents` VALUES (1,'Mills','Vernon','Brett','mante.trent','e5149db8db0b4b8ea6e1e56fbf7060e9',4,'315 Beer Wells Apt. 492\nNorth Albinfort, IL 63557-2647','1-403-304-9961','031-255-9763','greenholt.christopher@exa'),(2,'O\'Connell','Myron','Larry','arne85','140e7068415273cc9549af659d013573',4,'13405 Gulgowski Village\nNew Juliana, HI 27336','1-761-742-2206','1-008-022-6678x805','lilyan02@example.com'),(3,'Lind','Jammie','Sincere','agrady','01bbad4703934e810bc7acd18460af16',1,'891 Huels Passage\nMagdalenafurt, MN 25844','1-526-723-7085x870','1-954-806-0523','adelle38@example.org'),(4,'Gottlieb','Ernestina','Savanna','toni.willms','445b7da8adcdfd46f50ed20f640b6b27',4,'905 Esperanza Plain Apt. 824\nSouth Allanshire, LA 79297','(959)213-2362x328','934-211-3982','alexys.osinski@example.ne'),(5,'Strosin','Laurie','Lizzie','ortiz.cora','65a1f121eabdf37ae24af69bc71942b4',4,'960 Hamill Walks Apt. 266\nNew Brayanhaven, DE 23030-0163','1-087-693-8800x3266','1-642-562-0581x299','dietrich.marion@example.c'),(6,'Lindgren','Randall','Bryana','zelda06','c98a17d8d8239affb6682c7d24e632b4',3,'70331 Ricky Port\nKeeblerchester, NY 21296-3966','+57(4)2474177076','1-075-214-8401x3654','sadie.kutch@example.net'),(7,'Koss','Vada','Torrey','fgaylord','a1293c8c70f3b0494c2919b95a5c9c25',3,'178 Hudson Corner Apt. 156\nStiedemannton, IA 97595','00530473092','572.212.6698','dayton71@example.com'),(8,'Kirlin','Davion','Shaina','uriah.dubuque','94c93eec27b0deb201812dfb887746b5',2,'7982 Jaylan Drive Apt. 505\nNorth Rayfurt, KY 55731','(013)944-3078','1-021-043-1322x2918','tristian.heaney@example.o'),(9,'Cole','Cordie','Scottie','jaida83','a189b9ebcd49e8892d8c62e9c4360137',4,'2078 Metz Trail\nLonzofurt, HI 35367','478-152-4736','(917)233-3482','avis16@example.net'),(10,'Goodwin','Nakia','Frederic','bryana.herman','1a5e82a248014f26d9e2e2980ca22288',3,'06760 Naomie Keys\nNew Mikaylabury, OR 93703','569-742-3945','1-157-212-4880x12213','frami.tia@example.org'),(11,'Miller','Khalil','Quincy','dickens.audra','829539ab76f739e2f0a65639dcc2fff0',2,'2045 Lubowitz Flats Apt. 253\nLake Clintborough, CO 72404','02762165247','(846)743-5013x606','mgibson@example.net'),(12,'West','Aileen','Lyric','horacio36','d50cc0fc224c0b603051f5746104f9b1',2,'352 Denis Ford Suite 387\nSouth Oleta, UT 70269','1-794-457-0945','(032)266-2172','lorenza.abshire@example.c'),(13,'Marquardt','Misael','Hillary','dolly01','452ef184a59dcfbede38ab04ec4a87f4',3,'2980 Patrick Knolls\nSouth Alishaburgh, WY 96715-4450','739.842.9947x2951','801.110.9113x27325','bbartell@example.org'),(14,'Cassin','Mylene','Alysa','kassulke.laura','14f9bfc1e191ba74b38e4228c9ce1e15',4,'2662 Douglas Canyon Apt. 434\nSouth Missouri, MS 80156','+97(0)9817690567','+44(5)7379104289','viola.gutkowski@example.n'),(15,'Towne','Lucinda','Margret','donnelly.jovany','8f252717f90d9189af48ed32a5f70ac1',2,'31148 Ankunding Shoal Apt. 069\nOndrickahaven, ND 49947','00368955329','545-715-8468','amiya17@example.org'),(16,'Fahey','Wilmer','Jessyca','ovon','a4637b844a034292cdf9972520b72553',3,'16593 Moen Lakes\nJadenborough, MD 39538-6932','1-758-354-8926x8731','1-545-108-4189','kole18@example.com'),(17,'Welch','Mitchel','Leopoldo','awisoky','4a672f926b59767d8f577ece09cae00a',3,'43707 Wisozk Track\nNew Mavisville, KY 26609-6245','274-116-0837','057-478-0738x5413','pkoch@example.net'),(18,'Boyer','Jesse','Joshuah','yadira.volkman','e76fdb9d42670fd79c483d9a7d39296c',4,'82807 Fae Summit Apt. 196\nNorth Kaylin, MA 54219-1810','748.581.5309','+40(0)0305677580','mason41@example.net'),(19,'Schowalter','Dennis','Elnora','devin.heller','9067e01a7f8113762c9750c44f7ca4e6',4,'491 Baumbach Junctions\nCasperstad, KY 25762-3503','+92(7)9272080908','613.845.4627x278','herminio.bergstrom@exampl'),(20,'Jacobs','Daron','Piper','phauck','a0370fb5eb4fc79463ad5067b27b76f0',4,'72096 Tod Extension\nEast Rebekaside, CA 36698-8602','(933)037-7690x4440','903-211-3217x80068','daugherty.tatyana@example'),(21,'Bashirian','Arnulfo','Selina','diana.borer','46cedd34852ba4b36d284e9d4428d16d',2,'2439 Britney Shores Suite 425\nNew Deloresborough, NY 39879','495-028-9355','(713)654-6449x06283','glabadie@example.net'),(22,'Watsica','Mabel','Leola','pkris','afd7bd787f71bccffdada76426ba1471',4,'3159 Hollis Islands Apt. 405\nWest Harleymouth, NE 74569','1-070-311-7443x325','648-301-9048','hugh39@example.com'),(23,'Rowe','Nicholaus','Rubie','bella23','c3ce37da01d64d0e7f889a6fa24620b9',1,'7568 Efren Mews Apt. 916\nPort Felicia, TN 14351-8026','308.145.1768','640.115.3277x205','leilani.dooley@example.ne'),(24,'Roob','Mikel','Roberto','roscoe.russel','0ffd53f381baf8b7994d4f7828d2fde1',3,'2457 Homenick Extension Suite 714\nKohlerbury, SC 11077-4752','894-268-1506x4043','511-558-9956','pfeffer.morris@example.or'),(25,'Kunze','Tommie','Kamren','auer.lurline','a27692c3a33c4bcce2cdabc0daaa4180',3,'23905 Wolff Lock Apt. 592\nFadelshire, LA 24827-1957','1-118-750-8994x41663','699-145-5745x69217','johnson.jamie@example.com'),(26,'O\'Hara','Candido','Jake','deontae.smith','3b7f9fb76e916f3f3f8a7d89acf8c270',2,'835 Dooley Flats Suite 530\nNew Zola, KS 59170-7674','1-934-167-6255','343.023.1331x0861','yvonrueden@example.org'),(27,'Keebler','Alta','Lenna','dolly.muller','feb208861148dd0e24ebbe445a4e29a7',1,'2278 Axel Plains Suite 003\nTaylorland, AL 13005-0160','1-387-887-3423x984','(636)216-3245','flegros@example.com'),(28,'Bosco','Micheal','Aileen','jaylen.hartmann','dcb5b4b60ac54c8301b75c1de11b4671',4,'6260 Hulda View Apt. 300\nDarioland, AZ 06030','(437)935-9830x8710','1-944-975-8650','vschmidt@example.net'),(29,'Howe','Albert','Dawn','buster86','4a7dc2cdc78c97ae614a4c3f1ab0bd62',2,'4111 Maybell Fork Apt. 752\nPort Retta, KS 15835','847.842.8245x2339','565.863.5024x394','hagenes.wilhelm@example.n'),(30,'Becker','Brenden','Gladys','ritchie.bobby','dd5ed5d1e787d84dc7d809617bb012b6',3,'6412 Lacey Cliffs Suite 815\nGoyetteton, IN 46838-2197','563-624-2530x20947','+06(1)3087288086','kwalter@example.com'),(31,'Frami','Gerard','Burdette','torp.mikayla','b5de0c1c55ec37655809d79faa789857',2,'62370 Heathcote Plaza\nAveryberg, PA 22776','07795455656','(179)168-2898x85701','lkunde@example.net'),(32,'Keebler','Hattie','Juliet','cyril.feil','784c69a3f2dcb60e040bae411f521050',3,'89471 Abernathy Trail Suite 679\nNew Coy, GA 00299','1-490-377-5518x60241','+38(1)5539824438','borer.jeanette@example.co'),(33,'Stroman','Karine','Mafalda','lvandervort','3999c7781c33d01186d4ecd5c4962f81',4,'59854 Cindy Lodge\nEast Chase, MD 33829-2387','08526804448','+74(7)3382478435','osauer@example.org'),(34,'Watsica','Tobin','Ari','julie.labadie','caa3a0632d8bcd11c9d922d06f9f3daf',4,'1471 Kavon Union\nNew Tyriqueburgh, TX 72164-4517','07719707360','622.672.6793x6023','csipes@example.net'),(35,'Runolfsson','Vivian','Cara','wconnelly','fd4cdb5c8255464d20ce43c232267bfc',2,'1993 Deanna Cove\nJaronmouth, NM 36978','+94(4)4517902770','(099)119-1960x39293','okuneva.brandt@example.co'),(36,'Langosh','Sanford','Tamia','alexa.hessel','4df6d7609683b30c5b99d008f4ba1f3d',2,'472 Ernser Village\nBradenside, OR 87546','(828)954-1043','419-624-8815','gabrielle.tremblay@exampl'),(37,'Torphy','Eriberto','Dixie','lberge','86c98381733907f9ea5cbaa19eef0a0f',2,'387 Feil Bypass Suite 781\nEnosland, ND 67875','197.158.6550x92656','1-288-715-9428','earnest.cassin@example.ne'),(38,'Armstrong','Kailee','Fabiola','steve.rowe','0a770194b928594ae7b53a9e9e176277',3,'0973 Ambrose Gateway\nNorth Peggie, NM 03642-5829','991-765-0691','1-001-625-6538x142','kkuhlman@example.org'),(39,'Schmitt','Edwin','Joanne','heber51','958ed2fa5a58abbb7b7fcf0305324c2f',1,'569 Modesta Inlet Suite 536\nBriellemouth, ND 92903-2992','1-709-050-0242x4362','+91(1)5073708290','oscar88@example.org'),(40,'Ruecker','Brandt','Alexander','drunte','9e60137cae9de61c83ab0b2ddaae1512',4,'6241 Kilback Trafficway Apt. 718\nNorth Vickytown, NY 59120','02282118352','890.686.8478x6546','reilly.lonzo@example.org'),(41,'Frami','Itzel','Tia','gerald75','d85fc7896ba81c7b82a16f615ba4bf7c',3,'58211 Powlowski Stream Suite 324\nEast Hanna, NH 02040-0853','1-541-221-3442x8119','1-113-648-6157x526','irwin.lang@example.net'),(42,'Gaylord','Korey','August','xschroeder','360d80f888ef14eb8fa4401021fb0a18',2,'749 Schaefer Divide\nNorth Cynthia, IL 77234','1-434-209-6475','1-049-267-6535','qo\'kon@example.org'),(43,'Fisher','Noemie','Zion','serenity94','4fa53f1619e7ea63eeaae7ab1fbecf70',2,'2642 Nestor Mountains Suite 547\nKayleighside, MT 82842','1-101-074-6051','1-149-664-4133x360','nhettinger@example.org'),(44,'Windler','Ardella','Andres','anissa.lueilwitz','048276acb4011bdec575cbbc9c29e69c',1,'67799 Bosco Camp\nCreminmouth, WI 31059-7127','(042)010-3188x7512','800.591.2282x6908','tbednar@example.org'),(45,'O\'Hara','Lauryn','Flo','denesik.ruby','32a8409cb67865d377f42615d27793e5',4,'42927 Omari Meadow\nNorth Jennifer, OK 66569-4705','1-032-339-5948','02802237412','lilliana.abshire@example.'),(46,'Altenwerth','Hal','Lorenzo','marcel59','233dd0d5c1d34bc2ceee9e0cf1f0e821',4,'8975 Mara Underpass Suite 327\nWilliamsonbury, IN 64203','(861)647-9153x785','356.665.4268x633','helena.lehner@example.net'),(47,'Hegmann','Wiley','Abe','bmiller','5d7f32dab199ffa81b5ff1a10cc0a38c',2,'055 Bauch Wall Apt. 485\nRosettaport, MD 87082','+75(0)5152331476','921-875-0438','maximilian.wuckert@exampl'),(48,'Bosco','Jorge','Kaelyn','udickens','422a6f43bfa012b5f78d88fc65e6a8e6',1,'468 Parisian Ferry\nWest Kelleyport, ID 18201-3225','(677)219-5231x334','030.074.6896','cpfeffer@example.com'),(49,'O\'Conner','Hanna','Howard','veronica14','7b5dab5df870db0ffbd4372cf492107f',4,'168 Khalid Stravenue Suite 870\nElvaborough, WI 42836-3347','(157)233-5788','(509)413-9757x451','roberto28@example.com'),(50,'Sawayn','Madelynn','Jazmin','rjakubowski','ebee7552af9ae318bb5dc59724572939',1,'415 Demetrius Junction\nNew River, SD 08028','350.516.1135','393.983.9293','hope27@example.net'),(51,'Simonis','Lester','Stan','ervin32','403162713150224d83ed1efb52b18cec',2,'825 Rodrigo Mountains\nAlbaside, NM 86068','064-887-3646','1-997-891-1404x30969','rgutmann@example.net'),(52,'Kuhn','Hailey','Chauncey','bruce.huels','053a6d5ed5049a3cdfaa80e3e64ab2a8',3,'311 Adah Groves Suite 794\nNew Westley, WI 02888-9496','085-261-9006x17084','891-913-2322','stefan50@example.org'),(53,'Grimes','Georgiana','Lenny','jklein','3be239b8d7432e0e1153ac7d26023625',4,'52025 Fred Mill\nDoylemouth, NV 20723-5731','(792)640-8763','1-310-084-3551x516','leola.powlowski@example.n'),(54,'Prosacco','Zelma','Gaston','klegros','13351bd701a198b7cb5b463304099be7',1,'557 Schmeler Parkways Suite 958\nPort Elinormouth, RI 18250-4753','+29(6)2432993334','(680)452-7079x8519','muller.meta@example.org'),(55,'Dietrich','Jeanette','Autumn','ftorp','dfb8725992ecd7d54a8cefde802cb785',3,'3570 Marvin Well Suite 581\nEast Samanthamouth, NY 63318-9595','196-225-4261x772','(361)693-9534','edwina.reynolds@example.o'),(56,'Glover','Lisandro','Germaine','shuels','b0f41f79553559a09cf23572d139b851',4,'98271 Esther Islands\nLake Chanelleberg, ID 84846','976-631-0462','(863)897-2398','kaitlin25@example.org'),(57,'Cummerata','Rosario','Erick','valentina63','18d459c84106a5e88456ef4700cf3c01',3,'2387 Joe Fort\nPhoebeview, UT 93401-9462','571-452-5652','651.945.0065','letitia81@example.org'),(58,'Hickle','Vern','Kaia','uauer','52f94faf8907a0217d32deb52dc5a96f',1,'6582 Kuphal Radial Suite 431\nVeumfurt, NE 18422','(575)591-9056x26875','970.112.6412','merl37@example.net'),(59,'Konopelski','Ara','Orville','gbeier','326c09430dfcc9ecad260bb1c9e2e4e2',1,'36253 Teagan Brook\nReynaborough, AZ 26264-3576','02081858076','+66(5)5625226307','qrath@example.net'),(60,'Dicki','Brandyn','Trinity','jaylin87','b59e03ba303086a21f2da40bffc83f3b',2,'2417 Betty Parkways Apt. 564\nWest Jasen, NM 48818-3242','1-081-822-6449','1-114-270-6273x9399','shayna.cronin@example.com'),(61,'Leannon','Litzy','Rowland','weber.queenie','e4de0f12c538d1fc21b805157514a3b3',3,'322 Florence Trail Suite 624\nCharlieburgh, VT 88121-5298','1-717-945-4590x1712','+00(6)2031696079','salvatore.jenkins@example'),(62,'Conroy','Thalia','Nona','ostokes','ab0e781ee033655d481908c38f07ae85',1,'2212 O\'Reilly Trace\nRosemariefort, UT 13696','345-702-9131x892','1-006-810-9605','bogisich.marge@example.or'),(63,'Bednar','Allen','Haley','royal96','29952cb89ddea452b61911a7477faaad',1,'41046 Grant Brooks Suite 178\nElinorview, CO 43609-0127','781.386.2747','(527)590-5340x065','zboncak.ricardo@example.c'),(64,'Adams','Devin','Easton','feest.anthony','c96f0c35f5e8a609b4fabeb6a54adb26',3,'7973 Ebert Park\nDestinihaven, ME 73025-2836','1-076-322-1551x8613','856-497-5953x01159','kuhn.jaunita@example.com'),(65,'O\'Hara','Mckenna','Pinkie','cmoore','1886236ef6d3005598064504573ad5d9',2,'559 Oleta Brook Apt. 739\nEzraborough, TX 35609','776.743.3263x133','939.861.9717','quigley.lavon@example.com'),(66,'Walter','Dessie','Justus','labbott','2bee4cbbf87e693cd852496b589cadd2',1,'44095 Wiegand Ferry\nLoweberg, NJ 67558-1673','944-328-5142','794-083-7280','little.moriah@example.com'),(67,'Kovacek','Werner','Ignatius','gladyce92','fd457c6e94b83a4864096c345902d41d',2,'993 Mohammed Mission Apt. 402\nBeaulahville, MN 23309','810.630.8484x713','(821)018-4193','carli42@example.org'),(68,'Hilll','Sid','Vernon','iframi','44f77d10eda962f0e63cd8493cc861d1',2,'504 Ella Tunnel\nWest Kolbyfort, CO 19194-1453','616-789-6802','560-162-5602x568','alexandria.cummerata@exam'),(69,'Effertz','Laury','Brown','scrist','b4ab0d6c023b11c9b7c43a023e46062c',2,'93891 Graham Shoals\nEast Alvahstad, NY 03734-4233','244.406.5299x441','154.612.2888','leon.ritchie@example.net'),(70,'Witting','Ramiro','Taylor','rowena.cruickshank','314c34b09be5628721bfa73d4d7679fa',3,'124 Casper Brook Apt. 894\nLake Rahsaanchester, ID 47451','1-302-218-2283x880','138.923.3139x0759','iglover@example.com'),(71,'Powlowski','Mellie','Ansley','tressa38','7e0f8be65acc900aa1e73e36a87abbab',3,'900 Keeley Wall Apt. 721\nNew Mitchellborough, AK 73722-9871','661.885.0850x7341','966.019.9658','tdaniel@example.org'),(72,'King','Mallie','Trace','sigurd.reynolds','f0fadce04529e69111a62669dedd75c6',1,'0143 Marvin Land\nGreenholtbury, AK 08939-9400','(623)453-4241','321.052.7624x274','beatrice.robel@example.or'),(73,'Beatty','Winnifred','Juliet','may18','aa7b99b4df5b551a54009cbb892abe92',1,'9447 Rodriguez Bypass\nEast Piper, OK 22555','(396)882-4917','1-374-768-2603x3676','mariano15@example.net'),(74,'Sporer','Zoie','Stanley','dillon.green','5aee3f308b5c023142c82c3e315edb08',3,'592 Major Fort Apt. 044\nPort Raul, MA 54091-9254','06436199074','527.547.3964x95914','arvid.ziemann@example.net'),(75,'O\'Keefe','Erling','Maria','kianna45','a1091d241e0c9bd0a5e02efc59072d80',4,'31966 Emelie Estate\nWillmsland, WA 71863','05722894051','831.566.7252x1415','wweimann@example.org'),(76,'Bogisich','Dasia','Daphney','guiseppe.emard','1c4997bb7dd1d158627a0e5dc40c0fb0',2,'11746 Darlene Junctions\nOrtizstad, TX 96316','06230888516','(069)470-1794x62438','rutherford.carmelo@exampl'),(77,'Harber','Richie','Howell','jaskolski.ana','bf1f352365e8085efc993ce8c6b031f9',3,'5985 Jaleel Throughway\nSouth Arnulfostad, HI 76706-1305','(123)137-8896x8243','08049831471','jaskolski.brisa@example.c'),(78,'Stiedemann','Sage','Cordelia','tomasa38','8fb057dce44adc6c9d03dcaac8897acb',3,'4197 Precious Spring Apt. 483\nStephanyshire, LA 24975-1174','986-795-1792x93729','1-774-370-9253x41785','wanda.kub@example.net'),(79,'Steuber','Frida','Mose','charley.predovic','eee09cd58e4ac2af0974ce8f7d970c12',2,'9024 Sheldon Crescent\nDarylmouth, IN 79807','1-107-815-2147','019.182.2156','amie.bayer@example.net'),(80,'Hansen','Eryn','Chanelle','evert26','77ffa66d7048c81061cd10fcb8c512dc',4,'7861 Weimann Fork\nReillyfurt, TX 75884','1-837-242-5976','+27(9)3128621279','celia80@example.org'),(81,'Fritsch','Asha','Adalberto','flo.grady','c758139a1b17ca2818fe13f1bfb041ff',1,'831 Koch Lodge\nNorth Edgarmouth, NE 11569','1-483-120-1523x8869','1-678-897-8059x469','gayle.wilderman@example.o'),(82,'Ward','Rosalind','Domenic','zmurray','1c847a45ef2e19cedeb3100ae4a3374d',3,'705 Frieda Row Apt. 176\nHeaneyburgh, AZ 79649-4318','373-458-4186x845','1-681-957-6015','mbrown@example.org'),(83,'Daugherty','Stacey','Quincy','oheller','15c3e9a5bb6c2f0a4a1cc78d23cb966d',1,'247 Kianna Neck\nNew Katelyn, LA 85029','390.952.6976x3267','790-069-7208','enrico15@example.com'),(84,'Thiel','Marcelino','Sabrina','shomenick','854926ec567649d9ff5d5c85c9211da2',3,'71464 Leon Burg\nNew Maybell, IA 18820','00843491102','076.840.0557x406','qschulist@example.org'),(85,'Bosco','Paige','Jeramie','mgleichner','f38a09f1f1f5898ff9cce3c5fc64f1de',2,'424 Wilfredo Lodge\nSouth Berneicechester, KY 96436-1291','(784)370-0647','769.560.9403','wdouglas@example.org'),(86,'Greenholt','Robyn','Billy','elwyn98','05fba318a2f4294d43ae0a25f1908a64',3,'460 Edwin Hills Apt. 124\nNorth Barttown, KY 60421-1004','1-565-763-9265','628-308-7211x2340','verda00@example.com'),(87,'Turner','Ladarius','Janiya','ibergnaum','74eec89c4c6767dd5b5a0c4a7a3956c1',4,'57734 Daphne Circles Suite 523\nTracebury, MS 22971','810.109.4590x10434','03257270373','wschmidt@example.com'),(88,'Borer','Vanessa','Ivah','mmann','d8d4d7464811bd104390f59bf7179856',3,'42578 Kellen Course\nLeannatown, NJ 06320-4744','901.513.3049','+37(1)4483575891','zelda.turcotte@example.or'),(89,'Boyle','Harmon','Audreanne','leila56','d844ed3a8ae20079b9f364315d25cf11',3,'51149 Quitzon Hill\nLeuschkemouth, HI 52944','706-381-0398','736.187.0508','gkuhlman@example.net'),(90,'Mayert','Hipolito','Beau','salvador54','50ca4b7bb3bb053172fb7f89386276d6',2,'85406 Abshire Extension\nLittleton, IL 49419','1-922-346-9311x00166','05001270882','janae.schmeler@example.co'),(91,'Marquardt','Jason','Joel','corbin66','087ad60ec2302584a695fb50d8060c99',2,'1778 Florine Parks\nWest Dagmar, MI 15476-6047','1-452-766-7129x449','894.367.4868','hhuel@example.org'),(92,'Cummerata','Roberta','Leo','quinten58','b1d144f3e1ae49e2c8328857cb1797fa',4,'9916 Grant Glen\nNorth Rosie, KY 10367','(042)518-2321x78333','1-397-483-2933','antwon02@example.org'),(93,'Leuschke','Jessika','Jayde','howell.winona','16f29164dd348bd1c7127a35d1fb1fc5',1,'78686 Kyle Roads\nHoppefurt, WY 79090-1639','06042151690','331-793-4739x4467','fbatz@example.org'),(94,'Ratke','Ricardo','Miracle','dgoldner','5b0cee379af04a43876d95c36f50c6f9',3,'146 Carli Path\nOmerton, OH 70017','392.741.8577x113','+16(4)5680132154','khammes@example.org'),(95,'Blanda','Maurice','Elmer','adan65','257849879e2c1fe9ea9a8b36c02d53be',3,'13194 Pouros Fields\nGoldnerbury, NE 44879','(612)629-4573x4755','592.687.2573x59474','alphonso.hintz@example.ne'),(96,'Pagac','Martin','Sallie','jacobs.robbie','4a6578ed87ee047cbf39db813e69c96d',2,'7451 Chadd Station\nAndersonview, UT 80639','(895)327-7174','1-397-325-2052','leonie.rempel@example.net'),(97,'Abbott','Edna','Charlotte','mabelle.carroll','62ca4c55efb6f5a19b90fba65af57069',3,'897 Etha Trafficway Apt. 974\nPort Ibrahimfort, WA 57141-0445','194-515-6691x6794','(192)718-2281x41810','sydnie50@example.com'),(98,'Altenwerth','Freddie','Abbigail','hdach','cb15c2c0dae752cef90269108ea9be4f',3,'771 Alexys Camp Apt. 140\nWest Eva, MS 03129-1556','(877)306-8004x467','(972)792-0402x2298','lkertzmann@example.org'),(99,'Mohr','Agustina','Reva','sofia62','a3a93aff23f5858fb8f695c38c835992',4,'878 Nicolas Center\nNew Natland, MA 83075','1-236-126-1104x85110','(563)553-2280x87434','brendon73@example.org'),(100,'Gerhold','Tianna','Gail','acasper','ca2ab47ae5e68457478d5f026cd21f7c',4,'473 Zboncak Light\nWest Gay, WY 57788','709-131-5364','1-856-215-4469','rking@example.com');
/*!40000 ALTER TABLE `parents` ENABLE KEYS */;
UNLOCK TABLES;

--
-- Table structure for table `quarter_type`
--

DROP TABLE IF EXISTS `quarter_type`;
/*!40101 SET @saved_cs_client     = @@character_set_client */;
/*!50503 SET character_set_client = utf8mb4 */;
CREATE TABLE `quarter_type` (
  `type_id` int unsigned NOT NULL AUTO_INCREMENT COMMENT 'Идентификатор строки',
  `type_name` varchar(50) DEFAULT NULL COMMENT 'Тип четверти',
  PRIMARY KEY (`type_id`)
) ENGINE=InnoDB AUTO_INCREMENT=5 DEFAULT CHARSET=utf8mb4 COLLATE=utf8mb4_0900_ai_ci;
/*!40101 SET character_set_client = @saved_cs_client */;

--
-- Dumping data for table `quarter_type`
--

LOCK TABLES `quarter_type` WRITE;
/*!40000 ALTER TABLE `quarter_type` DISABLE KEYS */;
INSERT INTO `quarter_type` VALUES (1,'Экзаменационная'),(2,'Проверочная'),(3,'Обучение'),(4,'Аттестационная');
/*!40000 ALTER TABLE `quarter_type` ENABLE KEYS */;
UNLOCK TABLES;

--
-- Table structure for table `quarters`
--

DROP TABLE IF EXISTS `quarters`;
/*!40101 SET @saved_cs_client     = @@character_set_client */;
/*!50503 SET character_set_client = utf8mb4 */;
CREATE TABLE `quarters` (
  `quarter_id` int unsigned NOT NULL AUTO_INCREMENT COMMENT 'Идентификатор строки',
  `school_year_id` int unsigned NOT NULL COMMENT 'Ссылка на учебный год',
  `quarter_name` varchar(50) CHARACTER SET utf8mb4 COLLATE utf8mb4_unicode_ci DEFAULT NULL COMMENT 'Четверть',
  `type_id` int unsigned NOT NULL COMMENT 'Ссылка на тип четверти',
  `started` date DEFAULT NULL COMMENT 'Начало учебной четверти',
  `finished` date DEFAULT NULL COMMENT 'Конец четверти',
  PRIMARY KEY (`quarter_id`),
  KEY `type_quarter` (`type_id`),
  CONSTRAINT `quarters_type_id_fk` FOREIGN KEY (`type_id`) REFERENCES `quarter_type` (`type_id`) ON DELETE CASCADE
) ENGINE=InnoDB AUTO_INCREMENT=101 DEFAULT CHARSET=utf8mb4 COLLATE=utf8mb4_unicode_ci COMMENT='Учебные четверти';
/*!40101 SET character_set_client = @saved_cs_client */;

--
-- Dumping data for table `quarters`
--

LOCK TABLES `quarters` WRITE;
/*!40000 ALTER TABLE `quarters` DISABLE KEYS */;
INSERT INTO `quarters` VALUES (1,92,'II четверть',4,'1995-08-09','2001-12-09'),(2,89,'IV четверть',3,'2006-04-26','2021-01-05'),(3,15,'I четверть',2,'2003-06-22','2021-05-21'),(4,83,'II четверть',1,'1999-08-06','2021-05-21'),(5,61,'III четверть',2,'2001-09-25','2021-05-21'),(6,14,'III четверть',4,'1980-07-23','2017-10-20'),(7,80,'II четверть',3,'2008-04-20','2021-05-21'),(8,96,'II четверть',4,'1984-12-02','2011-07-20'),(9,89,'I четверть',1,'1979-05-08','1991-08-01'),(10,59,'I четверть',2,'1987-03-24','2021-05-21'),(11,57,'Итоговая четверть',2,'2013-12-30','2021-05-21'),(12,9,'Итоговая четверть',3,'2016-04-23','2021-05-21'),(13,78,'III четверть',2,'2018-08-30','2021-05-21'),(14,49,'II четверть',1,'1989-05-02','2021-05-21'),(15,93,'I четверть',3,'2006-03-22','2021-05-21'),(16,78,'II четверть',3,'2005-08-05','2013-10-18'),(17,45,'Итоговая четверть',2,'1976-06-23','1991-04-01'),(18,4,'Итоговая четверть',1,'2017-06-15','2021-05-21'),(19,23,'Итоговая четверть',3,'1972-12-09','2002-11-18'),(20,58,'II четверть',3,'2016-07-24','2021-05-21'),(21,64,'IV четверть',3,'1982-05-08','2019-01-27'),(22,72,'IV четверть',1,'2015-03-12','2015-04-28'),(23,6,'III четверть',1,'1993-07-17','2004-04-14'),(24,71,'Итоговая четверть',3,'2000-06-08','2021-05-21'),(25,89,'I четверть',1,'1990-12-04','2019-04-27'),(26,73,'III четверть',3,'1999-06-13','2006-09-21'),(27,61,'Итоговая четверть',3,'1987-12-19','1997-06-16'),(28,42,'Итоговая четверть',3,'1993-03-17','2012-10-20'),(29,43,'II четверть',3,'1997-02-06','2021-05-21'),(30,91,'II четверть',4,'1981-05-05','1999-05-16'),(31,85,'IV четверть',4,'2019-12-25','2021-05-21'),(32,34,'IV четверть',1,'1986-11-15','1993-03-28'),(33,74,'Итоговая четверть',4,'1978-08-11','2020-08-26'),(34,90,'I четверть',1,'1977-04-20','1983-07-03'),(35,36,'III четверть',2,'2008-03-08','2021-05-21'),(36,64,'IV четверть',1,'1992-02-12','2015-12-01'),(37,68,'III четверть',4,'2020-01-05','2021-05-21'),(38,60,'II четверть',4,'1997-01-07','2015-12-07'),(39,67,'II четверть',1,'1981-05-16','1994-04-26'),(40,72,'IV четверть',2,'1976-07-14','1984-03-27'),(41,72,'III четверть',1,'1972-08-20','2019-04-10'),(42,50,'III четверть',3,'2014-04-14','2021-05-21'),(43,19,'IV четверть',1,'2006-04-12','2021-05-21'),(44,58,'III четверть',3,'2009-05-26','2021-05-21'),(45,53,'III четверть',2,'2010-02-10','2021-05-21'),(46,12,'III четверть',3,'2018-07-14','2021-05-21'),(47,23,'Итоговая четверть',1,'1973-05-26','1992-07-02'),(48,22,'II четверть',3,'1980-03-12','2021-05-21'),(49,43,'I четверть',4,'1974-12-08','2021-05-21'),(50,61,'IV четверть',2,'1983-11-28','2021-05-21'),(51,42,'III четверть',4,'1974-04-23','1981-09-29'),(52,67,'II четверть',2,'2014-07-16','2021-05-21'),(53,75,'Итоговая четверть',4,'2004-11-05','2021-05-21'),(54,46,'Итоговая четверть',2,'1974-02-07','2008-12-22'),(55,87,'II четверть',2,'2003-07-28','2021-05-21'),(56,73,'II четверть',3,'1980-06-28','2010-11-17'),(57,87,'IV четверть',1,'1977-02-25','2010-11-29'),(58,24,'II четверть',1,'2015-05-29','2021-05-21'),(59,9,'Итоговая четверть',2,'1990-06-24','2021-05-21'),(60,46,'IV четверть',4,'2018-10-23','2021-05-21'),(61,79,'I четверть',2,'1978-06-18','1991-11-15'),(62,46,'II четверть',2,'1992-08-31','2021-05-21'),(63,82,'Итоговая четверть',1,'2010-10-11','2021-05-21'),(64,99,'II четверть',2,'1975-08-17','1995-12-13'),(65,30,'II четверть',4,'2020-05-04','2021-05-21'),(66,56,'II четверть',2,'2008-04-25','2021-05-21'),(67,80,'III четверть',1,'1979-09-23','1991-03-29'),(68,19,'II четверть',1,'1983-05-05','2016-02-26'),(69,76,'IV четверть',3,'2008-09-24','2021-05-21'),(70,56,'Итоговая четверть',1,'2020-10-06','2021-05-21'),(71,73,'IV четверть',4,'1990-11-27','2021-05-21'),(72,2,'III четверть',2,'1981-12-25','2021-05-21'),(73,15,'Итоговая четверть',4,'1998-06-12','2021-05-21'),(74,43,'IV четверть',2,'1985-09-21','2015-02-05'),(75,40,'III четверть',2,'1978-06-17','2000-07-14'),(76,84,'III четверть',4,'1972-05-15','2018-03-11'),(77,44,'Итоговая четверть',2,'1999-06-21','2021-05-21'),(78,80,'IV четверть',2,'2010-03-21','2017-01-03'),(79,91,'IV четверть',4,'1995-12-16','2021-05-21'),(80,70,'I четверть',3,'1989-01-12','2021-05-21'),(81,2,'IV четверть',3,'1975-05-25','2015-07-17'),(82,85,'II четверть',1,'2010-04-10','2011-06-04'),(83,35,'II четверть',1,'1974-05-20','1976-07-17'),(84,63,'I четверть',2,'2005-07-20','2021-05-21'),(85,44,'IV четверть',1,'2016-05-13','2021-05-21'),(86,88,'IV четверть',1,'2003-08-14','2021-05-21'),(87,81,'II четверть',2,'1991-01-28','1997-06-01'),(88,4,'III четверть',2,'2015-02-12','2021-05-21'),(89,32,'IV четверть',1,'1976-02-03','1995-10-14'),(90,37,'II четверть',3,'1971-07-18','1972-07-25'),(91,76,'II четверть',4,'1996-10-14','2021-05-21'),(92,16,'I четверть',3,'2009-11-06','2021-05-21'),(93,47,'III четверть',2,'2012-02-06','2021-05-21'),(94,16,'II четверть',1,'1988-08-10','1992-10-19'),(95,79,'Итоговая четверть',3,'1974-10-19','1997-10-24'),(96,77,'IV четверть',2,'2019-06-19','2021-05-21'),(97,38,'IV четверть',4,'2013-11-09','2021-05-21'),(98,100,'I четверть',1,'2004-06-09','2004-06-13'),(99,68,'I четверть',3,'1993-08-29','2014-04-04'),(100,81,'III четверть',1,'1997-04-10','1997-08-12');
/*!40000 ALTER TABLE `quarters` ENABLE KEYS */;
UNLOCK TABLES;

--
-- Table structure for table `relatives`
--

DROP TABLE IF EXISTS `relatives`;
/*!40101 SET @saved_cs_client     = @@character_set_client */;
/*!50503 SET character_set_client = utf8mb4 */;
CREATE TABLE `relatives` (
  `relative_id` int unsigned NOT NULL AUTO_INCREMENT COMMENT 'Идентификатор строки',
  `relative` varchar(16) CHARACTER SET utf8mb4 COLLATE utf8mb4_unicode_ci DEFAULT NULL COMMENT 'Уровень родства',
  PRIMARY KEY (`relative_id`)
) ENGINE=InnoDB AUTO_INCREMENT=5 DEFAULT CHARSET=utf8mb4 COLLATE=utf8mb4_unicode_ci COMMENT='Родство';
/*!40101 SET character_set_client = @saved_cs_client */;

--
-- Dumping data for table `relatives`
--

LOCK TABLES `relatives` WRITE;
/*!40000 ALTER TABLE `relatives` DISABLE KEYS */;
INSERT INTO `relatives` VALUES (1,' Отец'),(2,' Бабушка'),(3,'Мать'),(4,' Дедушка');
/*!40000 ALTER TABLE `relatives` ENABLE KEYS */;
UNLOCK TABLES;

--
-- Table structure for table `schedule`
--

DROP TABLE IF EXISTS `schedule`;
/*!40101 SET @saved_cs_client     = @@character_set_client */;
/*!50503 SET character_set_client = utf8mb4 */;
CREATE TABLE `schedule` (
  `id_schedule` int unsigned NOT NULL AUTO_INCREMENT COMMENT 'Идентификатор строки',
  `school_year` int unsigned NOT NULL,
  `quarter_id` int unsigned NOT NULL,
  `discipline_id` int unsigned NOT NULL,
  `class_id` int unsigned NOT NULL,
  `cabinet` varchar(30) CHARACTER SET utf8mb4 COLLATE utf8mb4_unicode_ci DEFAULT NULL,
  `order_schedule` int unsigned NOT NULL,
  `teacher_id` int unsigned NOT NULL,
  `started` datetime DEFAULT NULL,
  `finished` datetime DEFAULT NULL,
  PRIMARY KEY (`id_schedule`),
  KEY `schedule_school_year_fk` (`school_year`),
  KEY `schedule_discipline_id_fk` (`discipline_id`),
  KEY `schedule_teacher_id_fk` (`teacher_id`),
  KEY `schedule_quarter_id_id_fk` (`quarter_id`),
  KEY `schedule6_class_id_fk` (`class_id`),
  CONSTRAINT `schedule6_class_id_fk` FOREIGN KEY (`class_id`) REFERENCES `classes` (`class_id`) ON DELETE CASCADE,
  CONSTRAINT `schedule_discipline_id_fk` FOREIGN KEY (`discipline_id`) REFERENCES `disciplines` (`discipline_id`) ON DELETE CASCADE,
  CONSTRAINT `schedule_quarter_id_id_fk` FOREIGN KEY (`quarter_id`) REFERENCES `quarters` (`quarter_id`) ON DELETE CASCADE,
  CONSTRAINT `schedule_school_year_fk` FOREIGN KEY (`school_year`) REFERENCES `school_years` (`school_year_id`) ON DELETE CASCADE,
  CONSTRAINT `schedule_teacher_id_fk` FOREIGN KEY (`teacher_id`) REFERENCES `teachers` (`teacher_id`) ON DELETE CASCADE
) ENGINE=InnoDB AUTO_INCREMENT=101 DEFAULT CHARSET=utf8mb4 COLLATE=utf8mb4_unicode_ci COMMENT='Расписание уроков';
/*!40101 SET character_set_client = @saved_cs_client */;

--
-- Dumping data for table `schedule`
--

LOCK TABLES `schedule` WRITE;
/*!40000 ALTER TABLE `schedule` DISABLE KEYS */;
INSERT INTO `schedule` VALUES (1,15,31,27,28,'181',192,95,'2010-04-08 00:00:00','2013-12-29 00:00:00'),(2,4,98,16,89,'275',18,94,'1992-02-11 00:00:00','2008-07-02 00:00:00'),(3,74,73,23,64,'132',224,45,'2007-03-15 00:00:00','1980-12-25 00:00:00'),(4,57,5,3,52,'336',100,25,'2017-12-15 00:00:00','1994-03-24 00:00:00'),(5,65,99,29,67,'340',177,81,'2001-05-14 00:00:00','1978-02-15 00:00:00'),(6,51,38,37,80,'113',199,47,'2018-01-15 00:00:00','1974-07-16 00:00:00'),(7,61,83,20,1,'246',14,16,'1981-10-04 00:00:00','1987-05-11 00:00:00'),(8,53,54,5,62,'265',36,90,'1972-08-17 00:00:00','2016-06-14 00:00:00'),(9,80,23,36,6,'338',87,66,'2000-06-26 00:00:00','2018-01-07 00:00:00'),(10,42,47,29,47,'276',212,78,'2011-07-21 00:00:00','1995-06-06 00:00:00'),(11,69,30,15,15,'193',117,72,'1992-05-15 00:00:00','1975-07-08 00:00:00'),(12,18,48,19,34,'169',37,57,'2020-08-24 00:00:00','1974-03-28 00:00:00'),(13,86,33,50,27,'234',90,42,'2004-08-04 00:00:00','2020-05-17 00:00:00'),(14,74,30,29,32,'244',143,70,'2000-10-29 00:00:00','2001-10-04 00:00:00'),(15,15,28,18,81,'123',119,44,'1994-07-19 00:00:00','1974-03-23 00:00:00'),(16,50,48,38,5,'265',63,65,'2014-05-09 00:00:00','2005-03-22 00:00:00'),(17,4,62,25,86,'143',151,16,'1997-01-18 00:00:00','2021-02-10 00:00:00'),(18,71,79,27,12,'75',97,38,'1971-06-24 00:00:00','1976-08-29 00:00:00'),(19,44,36,39,1,'219',161,60,'1979-03-03 00:00:00','2017-01-07 00:00:00'),(20,5,42,20,71,'173',116,38,'1995-11-03 00:00:00','1973-07-29 00:00:00'),(21,94,46,34,50,'298',208,53,'1985-07-19 00:00:00','2001-01-21 00:00:00'),(22,54,90,39,38,'127',43,35,'1984-03-24 00:00:00','1997-09-17 00:00:00'),(23,91,48,17,39,'324',105,30,'1991-08-11 00:00:00','1986-01-24 00:00:00'),(24,90,24,36,83,'333',209,81,'2019-11-04 00:00:00','2004-09-14 00:00:00'),(25,78,49,17,99,'235',41,48,'1985-09-13 00:00:00','1997-05-16 00:00:00'),(26,18,57,14,44,'163',25,37,'1972-08-09 00:00:00','1985-04-05 00:00:00'),(27,58,10,47,25,'197',94,83,'1986-01-07 00:00:00','1994-10-02 00:00:00'),(28,34,66,50,90,'213',93,100,'1972-07-25 00:00:00','1994-09-15 00:00:00'),(29,97,91,30,76,'41',61,4,'2001-11-30 00:00:00','1990-07-11 00:00:00'),(30,81,72,19,11,'210',194,28,'2003-04-12 00:00:00','1991-01-27 00:00:00'),(31,17,38,25,25,'38',21,61,'1991-07-10 00:00:00','1987-06-18 00:00:00'),(32,40,21,7,94,'236',159,78,'1982-07-02 00:00:00','1986-06-11 00:00:00'),(33,49,35,42,96,'332',141,70,'1971-09-18 00:00:00','2012-04-27 00:00:00'),(34,26,56,20,96,'247',148,17,'1987-08-27 00:00:00','1982-12-16 00:00:00'),(35,84,44,20,94,'117',83,92,'1992-01-03 00:00:00','2012-09-13 00:00:00'),(36,41,26,48,82,'42',9,90,'2010-05-27 00:00:00','2006-03-27 00:00:00'),(37,53,77,19,26,'273',6,18,'2012-01-03 00:00:00','1973-06-17 00:00:00'),(38,41,35,22,83,'86',226,64,'1979-08-17 00:00:00','1975-11-16 00:00:00'),(39,46,73,28,39,'108',195,98,'1981-07-24 00:00:00','1974-10-12 00:00:00'),(40,9,76,31,47,'120',136,86,'1983-05-05 00:00:00','1994-12-02 00:00:00'),(41,6,93,42,19,'59',73,81,'2020-03-31 00:00:00','1982-10-28 00:00:00'),(42,2,20,43,51,'230',191,84,'1991-04-24 00:00:00','2011-10-09 00:00:00'),(43,94,5,9,100,'232',108,93,'1997-01-28 00:00:00','1999-06-26 00:00:00'),(44,61,70,2,46,'343',43,15,'1984-02-19 00:00:00','1998-07-05 00:00:00'),(45,26,70,16,28,'338',80,28,'1998-11-30 00:00:00','2000-10-06 00:00:00'),(46,45,66,8,5,'252',168,18,'1980-10-11 00:00:00','1972-05-05 00:00:00'),(47,48,2,4,39,'124',213,63,'1984-06-30 00:00:00','2005-01-19 00:00:00'),(48,3,79,15,81,'162',136,90,'2021-04-11 00:00:00','2008-05-12 00:00:00'),(49,74,94,1,88,'274',27,1,'1996-12-19 00:00:00','1998-09-02 00:00:00'),(50,58,80,30,99,'164',110,5,'1975-07-06 00:00:00','1974-11-26 00:00:00'),(51,70,45,49,28,'300',147,94,'1982-09-01 00:00:00','1974-04-15 00:00:00'),(52,75,87,45,45,'95',207,32,'1998-07-19 00:00:00','2003-01-27 00:00:00'),(53,64,20,26,41,'40',216,56,'1988-04-15 00:00:00','2016-10-17 00:00:00'),(54,95,57,38,70,'151',135,98,'1985-08-30 00:00:00','1975-03-30 00:00:00'),(55,84,13,42,25,'204',1,81,'2011-08-13 00:00:00','1983-05-07 00:00:00'),(56,34,41,28,18,'151',160,34,'2017-11-02 00:00:00','2018-02-04 00:00:00'),(57,18,31,24,12,'346',109,46,'1977-10-05 00:00:00','1995-01-05 00:00:00'),(58,89,30,44,7,'45',150,95,'1981-09-29 00:00:00','1982-03-01 00:00:00'),(59,90,9,9,97,'253',138,36,'2015-06-10 00:00:00','1986-05-04 00:00:00'),(60,83,96,2,67,'30',90,64,'1999-06-03 00:00:00','1977-11-01 00:00:00'),(61,47,57,32,43,'257',96,54,'2000-06-18 00:00:00','1996-08-08 00:00:00'),(62,85,27,28,13,'117',215,78,'2007-05-13 00:00:00','2000-02-09 00:00:00'),(63,86,80,12,36,'39',59,57,'2007-01-12 00:00:00','1995-01-16 00:00:00'),(64,72,97,9,40,'46',200,4,'2010-04-18 00:00:00','1987-12-14 00:00:00'),(65,4,76,50,92,'51',110,18,'2015-08-05 00:00:00','1988-09-09 00:00:00'),(66,3,12,43,39,'161',229,39,'1976-04-07 00:00:00','2011-06-18 00:00:00'),(67,4,92,3,19,'71',3,8,'2013-10-14 00:00:00','2016-10-16 00:00:00'),(68,11,19,29,80,'288',160,92,'1986-11-03 00:00:00','1999-12-30 00:00:00'),(69,42,54,48,42,'23',196,81,'1994-10-20 00:00:00','1998-01-24 00:00:00'),(70,78,57,3,70,'23',179,11,'1991-08-30 00:00:00','2001-06-29 00:00:00'),(71,63,13,29,26,'282',10,68,'1979-03-11 00:00:00','2007-03-18 00:00:00'),(72,80,29,33,20,'150',67,18,'1987-06-10 00:00:00','1975-03-19 00:00:00'),(73,12,65,37,19,'198',105,98,'1991-06-09 00:00:00','1979-03-25 00:00:00'),(74,20,6,6,38,'295',47,27,'2015-05-27 00:00:00','2015-10-17 00:00:00'),(75,62,79,31,33,'223',100,67,'2012-07-03 00:00:00','1988-06-06 00:00:00'),(76,53,81,40,51,'184',165,97,'2009-09-21 00:00:00','1996-10-02 00:00:00'),(77,80,6,47,56,'36',74,81,'2014-10-16 00:00:00','2020-07-13 00:00:00'),(78,38,93,11,28,'163',180,18,'1991-07-25 00:00:00','1978-07-02 00:00:00'),(79,49,76,39,71,'57',117,98,'2004-12-11 00:00:00','1982-06-08 00:00:00'),(80,35,52,47,72,'106',232,6,'1974-10-25 00:00:00','2007-03-22 00:00:00'),(81,24,31,36,46,'15',109,67,'1979-03-23 00:00:00','2018-07-12 00:00:00'),(82,18,29,1,16,'311',198,88,'2014-07-09 00:00:00','2019-07-25 00:00:00'),(83,16,50,22,41,'287',212,12,'2004-02-04 00:00:00','1985-11-30 00:00:00'),(84,27,51,3,58,'291',89,18,'1972-05-22 00:00:00','1981-08-31 00:00:00'),(85,86,65,32,65,'60',137,15,'1978-05-02 00:00:00','1989-04-18 00:00:00'),(86,48,85,18,50,'278',122,76,'1973-10-02 00:00:00','2019-01-24 00:00:00'),(87,82,90,3,58,'63',68,75,'1989-03-10 00:00:00','2000-12-15 00:00:00'),(88,66,83,27,37,'82',5,45,'1988-02-06 00:00:00','2021-04-07 00:00:00'),(89,87,33,31,12,'105',173,26,'2001-01-04 00:00:00','2013-03-30 00:00:00'),(90,33,36,15,48,'183',211,56,'1972-02-12 00:00:00','2014-08-06 00:00:00'),(91,7,57,27,5,'270',102,34,'2005-05-15 00:00:00','1976-10-27 00:00:00'),(92,34,25,48,79,'136',155,29,'1982-04-04 00:00:00','1992-09-07 00:00:00'),(93,50,53,21,80,'115',197,15,'2014-07-05 00:00:00','1992-07-25 00:00:00'),(94,48,71,24,66,'42',209,23,'1979-03-02 00:00:00','1985-08-11 00:00:00'),(95,88,32,22,87,'225',175,60,'1994-02-07 00:00:00','1992-01-05 00:00:00'),(96,99,85,13,39,'318',11,24,'2003-09-25 00:00:00','1986-06-01 00:00:00'),(97,31,76,17,34,'172',168,61,'1980-01-18 00:00:00','1975-02-07 00:00:00'),(98,56,3,17,54,'73',17,19,'1985-03-07 00:00:00','2017-05-26 00:00:00'),(99,86,15,45,68,'223',36,38,'1987-12-20 00:00:00','1978-04-19 00:00:00'),(100,65,42,9,76,'303',56,89,'1978-06-26 00:00:00','1976-09-19 00:00:00');
/*!40000 ALTER TABLE `schedule` ENABLE KEYS */;
UNLOCK TABLES;

--
-- Table structure for table `school_years`
--

DROP TABLE IF EXISTS `school_years`;
/*!40101 SET @saved_cs_client     = @@character_set_client */;
/*!50503 SET character_set_client = utf8mb4 */;
CREATE TABLE `school_years` (
  `school_year_id` int unsigned NOT NULL AUTO_INCREMENT COMMENT 'Идентификатор строки',
  `name_year` varchar(50) CHARACTER SET utf8mb4 COLLATE utf8mb4_unicode_ci DEFAULT NULL COMMENT 'Наименование учебного года',
  `started` date DEFAULT NULL COMMENT 'Начало учебного года',
  `finished` date DEFAULT NULL COMMENT 'Конец учебного года',
  PRIMARY KEY (`school_year_id`)
) ENGINE=InnoDB AUTO_INCREMENT=101 DEFAULT CHARSET=utf8mb4 COLLATE=utf8mb4_unicode_ci COMMENT='Учебный год';
/*!40101 SET character_set_client = @saved_cs_client */;

--
-- Dumping data for table `school_years`
--

LOCK TABLES `school_years` WRITE;
/*!40000 ALTER TABLE `school_years` DISABLE KEYS */;
INSERT INTO `school_years` VALUES (1,'2015','1999-04-07','1990-10-18'),(2,'1985','1984-07-11','1993-11-12'),(3,'1970','2003-04-20','1987-10-11'),(4,'1974','2007-12-04','1973-11-18'),(5,'2000','2003-01-15','1971-02-02'),(6,'1991','1990-09-05','2019-01-06'),(7,'1971','2018-10-27','1970-03-20'),(8,'1990','2001-05-13','2006-03-13'),(9,'1981','1974-10-27','1990-01-26'),(10,'2005','2007-03-13','2017-03-09'),(11,'2018','1984-08-03','2019-10-02'),(12,'2011','1994-08-19','1992-04-14'),(13,'2009','1998-08-06','2006-11-22'),(14,'2014','1985-10-26','1988-06-30'),(15,'1990','1982-03-07','2004-10-17'),(16,'1976','1982-08-19','2002-05-12'),(17,'1996','2019-07-29','1999-09-05'),(18,'2014','1979-07-19','1986-05-14'),(19,'1976','1970-11-26','1974-02-06'),(20,'2015','2002-06-30','2020-11-23'),(21,'2018','1983-10-19','1975-03-19'),(22,'1991','2003-08-29','2016-09-15'),(23,'1999','1995-02-07','1985-02-27'),(24,'1999','1990-10-01','2010-05-13'),(25,'1975','1994-08-29','1980-03-30'),(26,'1989','1985-01-01','2014-10-28'),(27,'1999','1993-06-02','2016-04-02'),(28,'2002','2018-06-26','1998-03-01'),(29,'1994','1971-12-25','1986-12-28'),(30,'2015','2006-04-13','2012-02-13'),(31,'1978','1993-10-22','1989-01-03'),(32,'2003','2005-01-18','2004-12-31'),(33,'1978','2013-06-18','2000-09-06'),(34,'2007','1971-12-07','2008-05-27'),(35,'1976','1992-04-17','2011-12-18'),(36,'1997','2003-01-14','1971-02-25'),(37,'2019','2007-08-29','1972-02-28'),(38,'1996','1971-02-13','1972-02-05'),(39,'2002','2009-07-24','1976-02-04'),(40,'1977','2007-08-14','1991-09-05'),(41,'1975','2018-07-12','1971-10-05'),(42,'1982','2016-02-23','1975-04-08'),(43,'1990','1988-08-20','1991-03-27'),(44,'2000','2010-05-12','2015-10-07'),(45,'1975','1998-05-07','1976-12-10'),(46,'2017','1972-09-09','2021-01-12'),(47,'1977','1993-06-21','1996-06-21'),(48,'2020','2015-08-15','1996-11-06'),(49,'1974','1983-09-07','1991-07-13'),(50,'1990','1982-09-15','1994-04-03'),(51,'1985','1990-05-05','1979-05-12'),(52,'1976','1986-10-30','2009-04-27'),(53,'2001','1976-01-04','2019-02-09'),(54,'1970','2007-05-24','1990-12-26'),(55,'1980','2013-12-18','2017-03-24'),(56,'1986','1974-03-15','1980-07-09'),(57,'2008','1980-04-30','1997-11-12'),(58,'2008','2019-08-04','1974-11-27'),(59,'1993','2019-11-06','2015-08-09'),(60,'2002','1974-05-09','1979-01-06'),(61,'2018','1974-03-10','2008-08-17'),(62,'2008','2002-08-10','2015-07-30'),(63,'2020','1994-04-18','1995-10-11'),(64,'2020','1984-03-26','1998-02-23'),(65,'1980','1985-07-15','1977-11-11'),(66,'1993','2009-02-09','1989-08-11'),(67,'2016','1979-04-14','2018-01-15'),(68,'2003','1978-06-24','1973-02-06'),(69,'1986','2000-09-10','1971-09-23'),(70,'1986','2010-07-29','1990-04-04'),(71,'2018','1997-07-15','1997-02-23'),(72,'1995','1989-10-31','2010-10-18'),(73,'1973','1982-09-20','1987-10-17'),(74,'1988','1979-04-04','2008-01-04'),(75,'2015','1985-03-12','1980-06-02'),(76,'2015','2014-08-18','1981-12-25'),(77,'2010','1976-11-05','1977-02-10'),(78,'2008','2008-06-17','1997-10-25'),(79,'1971','2018-04-07','1976-09-23'),(80,'2010','1999-09-12','2012-09-25'),(81,'1982','2006-11-07','2018-04-14'),(82,'1993','2016-12-31','2009-02-28'),(83,'1982','1975-05-26','1972-04-05'),(84,'1984','1999-03-13','1996-01-15'),(85,'2020','1987-07-01','2013-11-25'),(86,'1986','2015-09-21','1974-11-11'),(87,'2020','1994-05-05','2015-06-19'),(88,'1983','1986-03-05','1989-01-11'),(89,'2002','1990-07-29','2016-01-13'),(90,'1985','1990-01-21','2001-11-28'),(91,'1985','1978-02-02','2003-03-09'),(92,'1973','1993-04-04','1985-06-09'),(93,'1999','2020-09-11','1977-03-27'),(94,'2004','1998-12-13','1988-04-30'),(95,'2007','2002-02-22','1974-07-13'),(96,'1976','2016-02-28','1980-10-05'),(97,'1995','1994-10-02','1979-01-30'),(98,'1978','2012-11-27','1972-01-17'),(99,'1990','1995-10-31','1996-02-26'),(100,'1983','1972-01-15','1990-09-21');
/*!40000 ALTER TABLE `school_years` ENABLE KEYS */;
UNLOCK TABLES;

--
-- Table structure for table `students`
--

DROP TABLE IF EXISTS `students`;
/*!40101 SET @saved_cs_client     = @@character_set_client */;
/*!50503 SET character_set_client = utf8mb4 */;
CREATE TABLE `students` (
  `student_id` int unsigned NOT NULL AUTO_INCREMENT COMMENT 'Идентификатор строки',
  `last_name` varchar(25) CHARACTER SET utf8mb4 COLLATE utf8mb4_unicode_ci DEFAULT NULL COMMENT 'Имя',
  `first_name` varchar(25) CHARACTER SET utf8mb4 COLLATE utf8mb4_unicode_ci DEFAULT NULL COMMENT 'Фамилия',
  `middle_name` varchar(25) CHARACTER SET utf8mb4 COLLATE utf8mb4_unicode_ci DEFAULT NULL COMMENT 'Отчество',
  `login` varchar(255) CHARACTER SET utf8mb4 COLLATE utf8mb4_unicode_ci DEFAULT NULL COMMENT 'Логин',
  `password` varchar(255) CHARACTER SET utf8mb4 COLLATE utf8mb4_unicode_ci DEFAULT NULL COMMENT 'Пароль',
  `birthday` date DEFAULT NULL COMMENT 'Дата рождения',
  `address` varchar(255) CHARACTER SET utf8mb4 COLLATE utf8mb4_unicode_ci DEFAULT NULL COMMENT 'Адрес',
  `phone` varchar(25) CHARACTER SET utf8mb4 COLLATE utf8mb4_unicode_ci DEFAULT NULL COMMENT 'Телефон',
  `mother_fio` varchar(50) CHARACTER SET utf8mb4 COLLATE utf8mb4_unicode_ci DEFAULT NULL COMMENT 'Мать',
  `mother_work_phone` varchar(25) CHARACTER SET utf8mb4 COLLATE utf8mb4_unicode_ci DEFAULT NULL COMMENT 'Рабочий телефон матери',
  `mother_cell_phone` varchar(25) CHARACTER SET utf8mb4 COLLATE utf8mb4_unicode_ci DEFAULT NULL COMMENT 'Сотовый телефон матери',
  `father_fio` varchar(50) CHARACTER SET utf8mb4 COLLATE utf8mb4_unicode_ci DEFAULT NULL COMMENT 'Отец',
  `father_work_phone` varchar(25) CHARACTER SET utf8mb4 COLLATE utf8mb4_unicode_ci DEFAULT NULL COMMENT 'Рабочий телефон отца',
  `father_cell_phone` varchar(25) CHARACTER SET utf8mb4 COLLATE utf8mb4_unicode_ci DEFAULT NULL COMMENT 'Сотовый телефон отца',
  `email` varchar(25) CHARACTER SET utf8mb4 COLLATE utf8mb4_unicode_ci DEFAULT NULL COMMENT 'Почта',
  `mother_email` varchar(25) CHARACTER SET utf8mb4 COLLATE utf8mb4_unicode_ci DEFAULT NULL COMMENT 'Почта матери',
  `father_email` varchar(25) CHARACTER SET utf8mb4 COLLATE utf8mb4_unicode_ci DEFAULT NULL COMMENT 'Почта отца',
  `photo` varchar(50) CHARACTER SET utf8mb4 COLLATE utf8mb4_unicode_ci DEFAULT NULL COMMENT 'Фото',
  PRIMARY KEY (`student_id`)
) ENGINE=InnoDB AUTO_INCREMENT=101 DEFAULT CHARSET=utf8mb4 COLLATE=utf8mb4_unicode_ci COMMENT='Ученики';
/*!40101 SET character_set_client = @saved_cs_client */;

--
-- Dumping data for table `students`
--

LOCK TABLES `students` WRITE;
/*!40000 ALTER TABLE `students` DISABLE KEYS */;
INSERT INTO `students` VALUES (1,'Bahringer','Myron','Hoeger','emard.margaretta','f5609f25804e2f22ac17b2864b7331e3','1987-01-29','6781 Esmeralda Mill Apt. 707\nHarmonyberg, VT 15884-3910','02188186673','Prof. Kristy Grimes','00319968405','790.659.6476','Prof. Garett Champlin DVM','+98(8)3590653546','984-370-4534x0926','hills.jerod@example.com','idella95@example.org','hayley73@example.com','http://lorempixel.com/640/480/'),(2,'Kerluke','Levi','Ernser','margaretta.johnston','ab3643b285a89b87f9a571703dba2b2b','1989-01-29','598 Kareem Turnpike Apt. 939\nNew Abelardochester, NJ 58240-6158','+30(6)1587873847','Margaret McLaughlin','019.150.5869x7829','358-555-0937x05664','Gudrun Ullrich','565-131-3889x4303','+10(9)8908986670','ed.steuber@example.net','maggio.noe@example.org','zzboncak@example.net','http://lorempixel.com/640/480/'),(3,'Feest','Therese','Funk','bschamberger','96dd50602bde682c834a23289437363c','1978-03-23','975 Bernhard Way Apt. 438\nEast Owen, WI 25961-3464','696.038.0836x17800','Dr. Titus Hayes PhD','125-686-0661x319','(788)720-2372','Shanel Eichmann','1-948-353-0867','+10(0)5196845835','goodwin.darian@example.ne','ccrooks@example.org','quitzon.randal@example.ne','http://lorempixel.com/640/480/'),(4,'Kozey','Janae','Koss','klein.carmelo','438cb3e041d1d6eeb2fcc30a6f785b8c','1987-12-15','3801 Douglas Islands\nSouth Meghanport, PA 64972','175.729.5841','Herminio Cormier','(212)556-5187x721','087-667-1247','Dr. Shemar Feest DVM','(094)949-9710','(234)069-3307x80126','ole46@example.net','metz.gregorio@example.net','urban13@example.net','http://lorempixel.com/640/480/'),(5,'Kiehn','Lamar','Hackett','oheller','64df961d360e2178cc88fa935f36a98f','1978-09-27','7335 Bergnaum Highway\nDickensberg, CO 33947','1-111-845-2498','Ali Doyle','1-190-396-1077x1882','415-555-9788x27149','Bella Thiel','(787)510-8692','641-962-5004x8898','crooks.matilde@example.or','gaetano31@example.com','cole.bartell@example.com','http://lorempixel.com/640/480/'),(6,'Ledner','Dorian','Boehm','adrianna31','ba636ac92d5ff2a17d0ac5b633fa59b8','1989-07-21','78811 Heaney Common Suite 774\nPort Sheldonburgh, VA 85723','(601)275-8942x181','Daniella Brown','1-801-859-3857','(902)421-5160','Elton Mueller','456.180.2934','+57(9)7676753508','hassie63@example.com','fletcher.stroman@example.','rwillms@example.net','http://lorempixel.com/640/480/'),(7,'Dach','Nicholaus','Streich','rwalsh','2b7016faf856b32801543408e4d7663d','2004-01-25','078 Ernestine Mission Apt. 563\nWest Maevemouth, TX 13449-7639','04499140734','Mrs. Astrid Nicolas V','(358)692-5990x057','642-744-0988x54830','Ahmed Glover','1-244-797-3096','(738)216-3378x7688','uward@example.org','cheyenne30@example.com','ross30@example.com','http://lorempixel.com/640/480/'),(8,'Shanahan','Susanna','Predovic','taylor.schamberger','746b089b592941396ccebdb1a17f4242','1980-02-15','0426 Joanny Route Apt. 950\nValeriebury, MN 19207','285.361.5372x079','Mr. Corbin McKenzie IV','305.759.6406','1-902-031-0056','Ryann Cartwright DDS','(985)178-3536','(529)182-2906x2205','terry.dave@example.net','wblick@example.net','yvonne22@example.com','http://lorempixel.com/640/480/'),(9,'Swaniawski','Beth','Pfeffer','wilber.goodwin','6ae0dcc9921100f7783618aa062f067b','2006-05-24','4863 Cedrick Drive\nKubville, NY 23170','409-806-4239','Jewell Nitzsche V','923.535.9200','069.032.7609x68882','Mrs. Otilia Bechtelar','(035)114-1443x7221','023.690.2087x95468','donny91@example.net','abdullah46@example.org','waldo87@example.org','http://lorempixel.com/640/480/'),(10,'Lowe','Jo','Wisozk','vabshire','c398bffbeff1f3e79812e04bf77e4a63','1990-06-27','1873 Johnston Cliffs\nElfriedaberg, CO 20292','881-784-1305','Vernon Stroman','+64(4)1369627376','(355)387-6826x5494','Margaretta Fay','1-440-484-7645x72742','1-394-074-1107','abrakus@example.org','iortiz@example.net','name.bailey@example.com','http://lorempixel.com/640/480/'),(11,'Wiegand','Aurelie','Hane','wjast','6f958840e37263bf6294567ce0ef85ce','1982-01-20','9670 Hazel Course\nTyraberg, AR 68378','965-544-3775x652','Jovanny Ankunding','540.116.2022','(874)124-7271x81526','Lisette Auer','265.310.1088x1064','+93(3)9397744750','ratke.henry@example.net','dovie16@example.net','rankunding@example.net','http://lorempixel.com/640/480/'),(12,'Konopelski','Stephania','Hayes','maggio.nellie','a13f74767cddd38a4a69a9c742d84dcf','1991-12-10','716 Larkin Run Apt. 111\nPort Lavern, ND 17085-2258','1-499-610-9195','Sigurd Vandervort','+97(0)0827707510','464.997.5835','Ludie Predovic','997.143.9114x924','+15(4)2065379537','mikel.oberbrunner@example','evert.kemmer@example.com','ike19@example.org','http://lorempixel.com/640/480/'),(13,'Simonis','Penelope','Berge','rex.zemlak','a4d0babdc82a261929b23a00bcdd2017','1979-09-23','28523 Thompson Walk Suite 661\nMarilynestad, AR 29077','508.647.7951','Dr. Devin Lemke Sr.','1-842-340-6961x37197','970.583.6752x90840','Prof. Kailee Corkery DDS','09864070040','1-170-792-3204x876','ryley.morar@example.org','christiansen.jennie@examp','dena86@example.net','http://lorempixel.com/640/480/'),(14,'Beier','Jon','Wintheiser','bradtke.adrienne','a7b75130817a1f98b6ac238ea43a9a14','2006-01-21','33793 Crooks Port Suite 857\nCarletonside, ID 68411-3648','1-520-624-8790','Madge Padberg','07686612864','934.620.8560','Annabell Kirlin','1-497-501-9855x76328','(167)203-2194x206','hfay@example.org','jayden92@example.org','mclaughlin.florida@exampl','http://lorempixel.com/640/480/'),(15,'Mueller','Hudson','Nolan','brice49','68958e8458f714413234657b4eab3c49','1986-12-03','888 Enos Lodge Suite 342\nJohnsstad, ND 87780-7591','1-464-125-3361x9634','Ms. Lyda Anderson','1-361-882-8102','(238)522-4041x61809','Darby Ledner','(410)395-5014','08188968631','giles.hoeger@example.org','sheridan.mcdermott@exampl','cfay@example.org','http://lorempixel.com/640/480/'),(16,'Doyle','Cristina','Conn','kunze.anna','f4ad9a43febe26e39312f9be888069f7','2021-01-15','35064 Boyle Fall Suite 664\nFramiton, KY 39587','863-050-4727x150','Dr. Gregorio Fisher','+28(6)5314554785','870.898.5558x95175','Concepcion Reilly','1-530-531-9229','+57(8)1613757861','areichert@example.org','nleffler@example.com','umayer@example.com','http://lorempixel.com/640/480/'),(17,'Kuhn','Rowan','Daugherty','tanya.witting','c098a35524d9c2f32e79b5fe7b6c5a56','1983-03-14','4286 Donnell Well Apt. 838\nDoyleland, WI 13974','1-645-745-8565x3515','Magnolia Wiza','815-832-7909x1320','1-398-944-0029x28542','Dr. Luisa Reinger','1-263-437-0191','253.063.8474x7768','mikel.ondricka@example.or','ondricka.ernest@example.n','deion.mann@example.net','http://lorempixel.com/640/480/'),(18,'Luettgen','Sylvia','Bogisich','zstehr','819f650c0f39ae46e4b0bba8bc6854e9','1996-12-20','16993 Desiree Plain\nPort Wyman, AL 46327','1-711-922-6667x7037','Joshuah Waters IV','972-792-3869','1-359-690-2846x55486','Terrance Miller','926-403-3523x381','1-507-029-0230','coby37@example.org','wwilkinson@example.com','stroman.theodore@example.','http://lorempixel.com/640/480/'),(19,'Mertz','Destinee','Hintz','bins.amina','ad6efdd0d0c26eefa1fe398084738f37','1997-04-01','55722 Richie Loaf Apt. 813\nWest Margueritetown, DE 81922-3274','(133)700-0630x441','Annamarie Weimann','(660)715-7090','1-673-869-4346','Dr. Beverly Bailey','1-833-205-8326x51660','472.638.0449','morton.block@example.net','newell.cormier@example.ne','andres.rohan@example.org','http://lorempixel.com/640/480/'),(20,'Terry','Brittany','Hansen','myrna29','62dc28aacc3be5865a82efaa5d6ff0c3','1975-04-11','0779 Justina Loaf\nLake Franz, TX 34773-4129','072.626.0665x43548','Prof. Judge Friesen MD','839.561.8351x06728','(988)692-2521x860','Oliver Oberbrunner','(210)908-9740','(745)880-2841','eleanora84@example.net','marley.schaden@example.or','ned85@example.org','http://lorempixel.com/640/480/'),(21,'Stokes','Nona','Emard','jackie.emmerich','69a25611343f3a4e136e8fa0a2204510','1981-01-14','5366 Carter Via\nBogisichville, NM 58514-2534','782-204-5619x96403','Dr. Tobin Satterfield MD','553-951-1432','716.139.7359x3122','Karelle Raynor I','342.475.7525','106.976.0975x63002','ogibson@example.net','rrice@example.org','oking@example.net','http://lorempixel.com/640/480/'),(22,'Crist','Deontae','Kris','mcglynn.autumn','60ff0858649fbc073201cd99dd6a701a','1975-03-21','83456 Foster Tunnel Apt. 048\nPort Lorenza, PA 85090','03597479638','Ned Hahn','(760)843-1599x982','06135674206','Sherwood Marks','(150)213-6704x00314','1-851-299-5194x03235','smitchell@example.org','ahessel@example.org','mariane04@example.com','http://lorempixel.com/640/480/'),(23,'Funk','Myrtle','Jaskolski','akreiger','97c4b61c60570e15d6cff0ea87b710fe','2005-11-09','2438 Brakus Lane Apt. 872\nBogisichmouth, ID 85550-0037','(361)702-7126x163','Prof. Marta Pagac DVM','052-541-9572','+98(1)0568304474','Prof. Nikko Sanford III','739-466-5282x38139','1-877-974-1269','rosella.marquardt@example','christian29@example.com','jones.delia@example.org','http://lorempixel.com/640/480/'),(24,'Buckridge','Bradley','Keeling','devin.turcotte','31a830ae47825c9ac2d4717ad00095f5','2001-02-21','93198 Charlene Cliff\nSouth Fernando, OH 19553-5922','987-022-6559x6210','Zane Mills','1-461-674-2391','484.111.2336x73932','Doug Koelpin','08912708046','456.381.0183','andreanne99@example.org','domenico83@example.com','henri40@example.net','http://lorempixel.com/640/480/'),(25,'Eichmann','Libby','Smith','schmeler.everardo','6b3c2b090dc3de70aaf11aae07efdf03','1986-10-21','8430 Gorczany Drives Suite 104\nNorth Cindyport, RI 57291','639.024.6200x7321','Prof. Collin Toy','399-544-2895','00967448773','Paolo Ernser','(822)722-5405','845-196-5040','glang@example.org','mertie63@example.net','arnulfo29@example.com','http://lorempixel.com/640/480/'),(26,'Lubowitz','Christelle','Kessler','emanuel03','11071b013caadba9a5a9f2ab068d11cd','2021-02-11','9252 Precious Manors Suite 884\nWest Marinachester, WY 30496','717.097.2375','Muriel Abshire Sr.','515.243.4411','+85(8)1022174327','Summer Franecki','1-435-633-3217x2242','(055)484-8497x77306','leora14@example.com','fahey.maymie@example.net','glen.daniel@example.com','http://lorempixel.com/640/480/'),(27,'Halvorson','Sheila','Hintz','mhirthe','4e7495434e81c7fd535798e80b30c4d1','1979-09-14','2026 Emilie Plain Apt. 424\nLempifort, LA 74656-0676','(636)636-1531x9259','Mekhi Stanton','(742)405-2829x37389','02916782334','Fredrick Harvey','+18(8)3230753557','1-516-826-6765','novella.mohr@example.org','urodriguez@example.net','daugherty.marian@example.','http://lorempixel.com/640/480/'),(28,'Satterfield','Judah','Kulas','etha.hoeger','b164ffdccfa4b5535d37ba278aa2405f','2005-10-05','384 Bernier Spur\nUptonton, ID 00287','(570)296-2182','Germaine Simonis','1-013-978-6051','(096)496-3571x8207','Dr. Alford Bashirian Jr.','(115)353-4153x3569','(624)509-4013x682','tia.bartell@example.net','karson.haag@example.com','callie60@example.org','http://lorempixel.com/640/480/'),(29,'Johnson','Brionna','Nikolaus','jammie.doyle','b09f55ee231346276b1aa3b3aad89bc8','1980-02-15','28467 Kub Parkways\nSouth Chet, FL 72316','218.154.0134x717','Linnie Corwin DVM','(551)457-3714x6439','225-482-1574','Dr. Quincy Effertz','137.333.0735x8627','(697)660-2569','joesph.walker@example.com','rogelio.welch@example.org','ernser.ludwig@example.com','http://lorempixel.com/640/480/'),(30,'Kuhlman','Johnson','Rogahn','quitzon.teagan','b830852752c9a5d2595178a49440f12f','2014-10-05','0569 Hoppe Hill\nBernierport, AL 10681','856.431.1828x42315','Dr. Jesus Bahringer','(732)780-7208x3773','(714)731-3698x7313','Dr. Reva Stroman','955.884.9314x47597','(251)756-3701x169','murazik.elda@example.com','hirthe.deondre@example.co','bayer.jewel@example.com','http://lorempixel.com/640/480/'),(31,'Muller','Irwin','Zulauf','jeromy03','b17cde0aeaaa0338d0ee419a6a4ee3aa','1977-06-26','707 Frami Station Apt. 764\nEast Sandy, WY 33012','330-709-0630','Anissa Hansen','075.306.1794x4858','(817)362-7488x72365','Braulio Rippin DDS','1-296-811-6010x392','1-386-584-3430x5815','jeramie43@example.com','denesik.florence@example.','loyal37@example.org','http://lorempixel.com/640/480/'),(32,'Klein','Savanah','Skiles','knitzsche','721018b6a723f55a64e35456718799d3','2017-08-28','9601 Thomas Spring\nNew Isaiview, TX 94131-5804','+79(8)0882142596','Tobin Beer','1-251-637-5150x045','815-628-0960','Jaunita Koepp','053.544.1650','(679)309-9451x59391','justice.rodriguez@example','krista68@example.com','erna06@example.com','http://lorempixel.com/640/480/'),(33,'McGlynn','Judah','Kozey','phamill','c98d371f54d36ef959c6e2f1b5cf1187','1980-10-05','1355 Lueilwitz Bridge\nWest Lelaport, CO 21531-8910','1-103-281-1914x90529','Finn Swaniawski IV','(573)561-9152x200','672-783-6397','Mike Runolfsson','945.382.5955x3786','225.232.2948x502','cpacocha@example.org','corwin.rocio@example.org','smurazik@example.com','http://lorempixel.com/640/480/'),(34,'Herman','Barrett','Bernier','wwaelchi','dc1e1632eb8e11275a9a81b264b88150','2005-07-19','965 Lula Squares Suite 778\nHillardshire, MO 97321-6056','975.996.6555x3935','Blaise Abernathy','(260)673-0344','(474)898-3808','Nola Schiller','(132)092-9274','904-316-4693','wdicki@example.net','kaia96@example.net','klarson@example.com','http://lorempixel.com/640/480/'),(35,'Ullrich','Lonny','Fritsch','liliana.jast','a93ff680ddbc2bce3a99ffabb8a555a7','1980-07-11','514 Era Land Suite 202\nFatimaborough, AL 10246','(048)101-9928','Leopold Rosenbaum II','1-260-499-1967','(225)624-6638x5346','Mr. Rudy Medhurst','09115116278','+95(4)4617401402','veda.sanford@example.com','lolita02@example.org','walker.warren@example.net','http://lorempixel.com/640/480/'),(36,'Heller','Elouise','Schoen','lavina.keebler','ac8fc21b8e94e56a2fe148ffff546bb5','1990-07-07','599 Upton Radial\nNew Devanteview, TN 16821','+57(3)9670588912','Prof. Velda Skiles IV','1-833-548-9211x78351','1-748-722-7700x63193','Martina Strosin','707-566-0317','162.715.1660x320','robel.jaquan@example.org','mgibson@example.org','jennyfer.padberg@example.','http://lorempixel.com/640/480/'),(37,'Bode','Murl','Walsh','hailey07','7cb489607accded963d47d4536835d3d','2000-06-01','4450 Schneider Burg\nGretashire, AZ 85061-0501','1-859-256-5693','Martina Rolfson','08424029652','770-238-6399x7652','Frances Dickens','947.728.2831x380','877-806-9888x98317','rosa.o\'keefe@example.net','emelia97@example.net','turner.zoe@example.com','http://lorempixel.com/640/480/'),(38,'Jerde','Abigayle','Langosh','angelo.herzog','d884d999f0412879f6cbcb77c9f89f86','1986-08-22','03472 Cayla Hill Suite 765\nNorth Heath, PA 25178-8311','(561)863-5309','Prof. Santiago Treutel DVM','01654753442','(865)543-1575x48914','Columbus Stiedemann','03440951710','08386833063','xernser@example.com','lavonne64@example.net','paris.mckenzie@example.or','http://lorempixel.com/640/480/'),(39,'Zieme','Kaitlin','Turcotte','hilario83','e319e3855c0c6f906d26ab6dba5cb2b9','1978-05-01','4719 Pfannerstill Meadow\nEmelieland, MI 27651','316-336-2633','Dr. Nolan Pfannerstill','02834030149','689.353.6843x41320','Garrick Kohler','+45(5)0952688488','1-543-110-2431x09479','gwendolyn.ernser@example.','norberto73@example.com','juliana13@example.org','http://lorempixel.com/640/480/'),(40,'Kihn','Eliza','Bruen','casandra.ruecker','96a6260eac37c08482692dfc4b237443','2004-02-26','388 Huel View\nEast Issac, MN 35416-1505','180.231.8889x6262','Aurelie Zemlak','(946)046-5589','02088621820','Ettie McCullough','955-574-0717','1-924-702-1062x92096','arenner@example.com','windler.anastacio@example','wellington19@example.org','http://lorempixel.com/640/480/'),(41,'Gorczany','Zaria','Rosenbaum','earnestine26','c34b30b6c129ece796a59a1ff4fd26da','1985-09-24','331 Skyla Mills Suite 774\nLake Myriam, WI 31448-5093','430-159-7397x7846','Jaime Towne','572.289.8408x87391','1-286-356-3079','Assunta Stark','001-389-1136','177.734.8249x621','reilly.juanita@example.ne','dandre.gutkowski@example.','effertz.icie@example.org','http://lorempixel.com/640/480/'),(42,'Pfannerstill','Stevie','Fadel','llehner','3b80753fd9e35ce34c03a77586686d8b','2012-02-05','6912 Runolfsson Way\nOndrickamouth, NH 06118-2020','(290)999-4294','Dr. Enola Beahan','(283)299-8412x6045','+66(4)1387590376','Shayne Murphy','1-198-557-9428','+06(2)0204907585','dpagac@example.org','fermin.zieme@example.com','cassin.collin@example.net','http://lorempixel.com/640/480/'),(43,'Marks','Rico','Kreiger','robb32','73b5edbda4c5bf5b32147d1252e4c72c','1996-08-20','35606 Bertrand Drive Apt. 581\nNorth Salma, AL 29771-9120','(351)504-8294x815','Cornell Kirlin','613.843.5152','099-725-9536','Dr. Agustina Dickinson V','179-264-0290x65305','110.705.1488x11359','estrella.franecki@example','ekulas@example.com','russel.genevieve@example.','http://lorempixel.com/640/480/'),(44,'Langosh','Bryon','Denesik','raegan80','06d6de609f10676161e3b17d4eb38256','1992-07-31','021 Gaston Valley Suite 719\nEast Juwanton, AK 11214-9188','421.281.8008x965','Trenton Robel','692-016-8498x27381','1-530-296-5609','Fanny Morar','(645)023-1600x254','(917)759-1436x2990','qstokes@example.com','cterry@example.com','doyle.carissa@example.net','http://lorempixel.com/640/480/'),(45,'Kuhlman','Rollin','Kulas','feil.jesus','b647298cd669e91d3bb9d8691ad08d1f','2000-12-20','68949 Kovacek Camp\nGleichnerfort, MT 62094','439-085-8492x75648','Mr. Gillian Luettgen','03594617576','(012)941-6386x9599','Mrs. Maye Dibbert','072-319-2215x0118','1-016-172-3459','louvenia.cummerata@exampl','sawayn.maya@example.org','buddy.d\'amore@example.com','http://lorempixel.com/640/480/'),(46,'Turner','Keven','Watsica','evelyn85','3f6d497d2c529285fe817216847201c5','1993-05-04','1905 Tania Falls Suite 968\nTomport, OR 84157-7884','08814708961','Miss Kathlyn Erdman','05762937557','900.586.0245','Juliana Metz','(223)866-2276x21383','+37(8)1389519266','michaela13@example.org','cmurphy@example.net','lang.nadia@example.org','http://lorempixel.com/640/480/'),(47,'Dickinson','Kolby','Ullrich','jshields','135bfbe0f0e44acbc2b31ce49bd945b4','2013-05-15','5012 Lola Land Suite 923\nDibbertchester, SC 91140-2648','732.692.1080x61296','Al Wuckert','(217)307-4601x04835','(883)718-9753','Mrs. Isabelle Kunde','02020173551','422.102.4592','noah.haley@example.org','pzboncak@example.com','jessy.howe@example.net','http://lorempixel.com/640/480/'),(48,'Moore','Leland','Monahan','jeramie.sporer','68b1ab58598be46ab1d48b7b5659ee55','2000-06-11','587 Luettgen Fall\nColestad, CO 98818','1-435-320-7963x464','Mr. Guiseppe Kovacek DVM','(424)570-4162x1079','(665)747-5706x70331','Walter Morar','(828)616-1605','354.352.1373x92146','sherman.dare@example.net','frunte@example.org','ashleigh.cummerata@exampl','http://lorempixel.com/640/480/'),(49,'Dibbert','Oleta','Leannon','murl12','e44a754f600880ff2e15e7714bc54766','1983-01-20','6348 Katharina Isle\nEast Pattieville, AK 88277','(538)057-1520x444','Buster Shanahan Sr.','541-211-2978','497-216-8782x731','Cristina Abernathy V','909.097.1062x519','(704)477-1327','katharina33@example.com','qcarroll@example.com','zstokes@example.net','http://lorempixel.com/640/480/'),(50,'Beahan','Kathryn','Kovacek','zaria25','51c32651318283b6e56eb9c61a34e32e','1999-11-17','140 Parker Burgs Suite 392\nNew Annamae, WY 45672-1215','654.019.0054x4558','Dr. Karina Rogahn Sr.','217-692-1138x574','783-762-4766x53093','Celine DuBuque','321.774.6153x5124','1-806-408-5486x9971','zdietrich@example.org','ebert.columbus@example.co','noelia.effertz@example.co','http://lorempixel.com/640/480/'),(51,'Jacobi','Gretchen','Dicki','kali34','9d1d4c354cee95e9dd99c50664ba1e07','1989-01-03','691 Mervin Course Apt. 926\nPort Annabel, OH 18543','08865212696','Daphnee Feeney','03526939237','(337)745-5120x42863','Dr. Bridie Johnston','(201)507-9796x296','1-125-042-0062','tad69@example.net','thelma61@example.org','lindsey.pfannerstill@exam','http://lorempixel.com/640/480/'),(52,'Hickle','Suzanne','D\'Amore','wdaugherty','abee82d59d91811dbadcf921fde8fb47','1998-01-07','8928 Brady Manor\nGleasonville, MN 42298-8077','+84(2)0542902039','Octavia Goldner','(639)708-3746','+56(0)3741508623','Amiya O\'Kon','(443)753-7169x69725','1-339-463-3611x65033','lourdes.abbott@example.ne','loren.swift@example.org','wyatt76@example.com','http://lorempixel.com/640/480/'),(53,'Ward','Gennaro','Roob','zachariah31','917edc8191d72d7a646a8eb7726bf9cd','2000-09-08','443 Considine Viaduct\nWest Lessieport, NH 62183-8494','518.510.6621x6076','Clifton Kovacek','987-552-7021x56338','(309)075-8214','Mr. Mallory Heidenreich','(514)184-1828','+99(3)7933822671','hpagac@example.net','haley.linda@example.com','esther77@example.com','http://lorempixel.com/640/480/'),(54,'Will','Darby','Conn','jaleel77','fea01c95a1570e9a73dc6b2a9f4fd1ff','1977-09-01','80536 McCullough Vista Suite 606\nLake Alexanefort, SD 97415','968.377.8394','Sandra Harber','+84(8)2491219863','(104)199-2175x1401','Kayli Stroman V','1-838-638-2127','081.024.7627x80896','kailyn87@example.org','rruecker@example.net','xpadberg@example.org','http://lorempixel.com/640/480/'),(55,'Considine','Josefa','Wisoky','steve93','f368e302b25127d481f7378b589b5911','1997-03-24','954 Greg Spurs\nKutchchester, SC 37555-1283','(285)008-9156x5085','Dr. Kendra Welch','915-625-0333','1-541-611-9021x31411','Dr. Keira Sporer Sr.','(403)774-0207','615.419.6336','jraynor@example.org','lindgren.rahsaan@example.','gorczany.branson@example.','http://lorempixel.com/640/480/'),(56,'Treutel','Dawson','Spinka','xyundt','41417660d86b4c968065f2f3f18639da','1982-10-04','68919 Charlene Fields Suite 844\nOlgaside, CO 65775','787.646.9769','Mrs. Lavina Kulas MD','00844613995','647-105-7182x93104','Karley D\'Amore','(670)125-7506','840.017.0363x497','zjohns@example.net','alexis.farrell@example.or','dibbert.cordia@example.or','http://lorempixel.com/640/480/'),(57,'Satterfield','Adele','Tremblay','willy67','cc1a3f8dae989fb65fb30f3b5ef60cb5','2020-08-28','680 Pagac Keys\nEast Floy, NJ 05760-9060','(565)564-8429x79125','Emmy Tromp','1-012-590-8059x1567','165-323-5414','Dr. Madaline Sauer V','1-529-675-0756x56048','1-577-056-4501x913','amara89@example.net','rstracke@example.net','pedro.fritsch@example.org','http://lorempixel.com/640/480/'),(58,'Harvey','Oleta','Frami','taya.beer','0d20cee568cacbecceb17a7c3e06b24b','2021-01-07','32640 Berge Fords\nWest Alphonsoside, OR 28475-6962','815-329-2756','Desiree Bode','593.523.2885x6266','1-796-038-7015x459','Wilbert Beatty','514.795.3151x229','01076718621','coby11@example.net','jeffry59@example.com','crist.william@example.com','http://lorempixel.com/640/480/'),(59,'Powlowski','Sadie','Spinka','ernser.heath','6e9bbb11b49f46a19b90bcc68835c093','2014-03-11','41190 Tevin Manor Apt. 865\nMontanaside, MD 53320','09599035284','Mrs. Abbie Herman PhD','316-375-5036x185','420-364-2647x1245','Kelley Sanford','07167669642','857.066.4270x476','dwight74@example.org','emery.armstrong@example.o','gconsidine@example.org','http://lorempixel.com/640/480/'),(60,'Collins','Julien','Kuhic','yboehm','3c2b9bd2ae89c05b19f21e973c35318e','2005-01-22','713 Abbott Plain\nHuelsbury, NH 53944','06008614576','Wayne Blanda','699.422.8676','724.060.6665x6806','Macey Heathcote','1-618-385-9281x743','(396)823-3318x357','shanny94@example.net','noel70@example.org','xherzog@example.org','http://lorempixel.com/640/480/'),(61,'Kuphal','Brody','Grant','nraynor','cd9035e6f092421f0a1c81cab610bfca','2003-09-11','274 Destin Loaf\nAbernathymouth, VT 56344-8342','05546054994','Modesto Morar MD','04560529228','(384)417-0602x14237','Dr. Nathaniel Stark','783-162-2469x6871','498.638.8150x268','cormier.enrique@example.o','bernhard.maymie@example.c','renner.nathanael@example.','http://lorempixel.com/640/480/'),(62,'Deckow','Santina','Jacobson','doyle.leonardo','575fb84eb615354f517474677ac638f2','1975-07-29','59744 Kiarra Point\nGonzalomouth, ID 02953-8078','1-629-772-6854x8981','Lukas Gaylord IV','(738)585-1146x3709','(947)383-4607','Joshua Swaniawski','00442066548','1-218-358-3771x0268','hcole@example.org','dominic.emard@example.org','heichmann@example.org','http://lorempixel.com/640/480/'),(63,'Tromp','Amalia','Quitzon','jennie59','6642857c98fca18187575f569cc47609','1973-03-02','5630 Murazik Vista Apt. 318\nGleasonstad, FL 73023','(245)408-7978','Delfina Heaney','341.785.6802x6394','724-845-7935x10967','Carmelo Pagac','193-543-3575x404','00030355355','lucas11@example.net','gleason.heloise@example.c','sandra82@example.com','http://lorempixel.com/640/480/'),(64,'Kunze','Briana','Runte','hessel.jennings','3c456f83712987396772e7bb2c087fed','2008-11-27','79898 Yundt Club\nBalistreriborough, AL 49169','(211)878-5887','Ronny Bergnaum PhD','603.478.5256','521-430-0720x808','Octavia Casper','910.292.4154','725-248-0817x437','fabiola.rolfson@example.c','lubowitz.aylin@example.or','goyette.hubert@example.co','http://lorempixel.com/640/480/'),(65,'Donnelly','Alec','Haag','demetrius.torphy','f1c0bc30ffa6c729b438a07ff936b089','1998-06-06','19266 Maryjane Flat Apt. 331\nWest Aylin, HI 93624','112-886-6631','Prof. Kristian Reilly II','+80(2)3320047516','204-749-1269','Lesly Marvin','1-168-572-9682','757-137-3977x66369','wunsch.katelynn@example.n','zhyatt@example.org','milford39@example.com','http://lorempixel.com/640/480/'),(66,'Kerluke','Deonte','Stoltenberg','nikki59','ba0c73c8feaad6951f83fe0bbc4d9114','1975-08-03','417 Toy Station Suite 072\nWest Nikko, AL 11253-3687','963-282-5538x60987','Ruby O\'Kon DDS','(028)120-4989','732-452-4950','Prof. Cassie Buckridge III','212-322-5921','549.017.3574','ankunding.vena@example.co','xkoelpin@example.org','vivianne.gibson@example.n','http://lorempixel.com/640/480/'),(67,'Hudson','Edison','Howe','kub.bruce','eaec24d3226000a9b15c5699d70ddf3e','1979-08-29','591 Mueller Plain\nWymanberg, OR 63882','(447)244-4113x4477','Zena Morar','975-561-4947','720.393.4202x007','Dalton Boyer','087.035.9643','840-179-8803x037','estefania.considine@examp','mcclure.dorthy@example.co','glover.marc@example.org','http://lorempixel.com/640/480/'),(68,'Lemke','Kacey','Kris','west.ronaldo','29f863d0dd73a6c7e62766c2c9e52478','2001-07-11','970 Watsica Center\nStephanieshire, AR 48498-4922','(160)658-1637','Destin Gaylord','739.769.2383x62652','+01(4)9148382294','Moses Quigley','668.346.0590x19074','(406)360-9258','fhowell@example.net','mitchell.vilma@example.or','trystan.douglas@example.c','http://lorempixel.com/640/480/'),(69,'Farrell','Nestor','Becker','ernest.abbott','3ff0fed743b0f2d416208e6b1692c28a','1982-07-31','1488 Dickinson Hollow Apt. 491\nSherwoodmouth, MA 82199-4231','695.944.6727x729','Isaac Brown','1-233-337-6033','1-159-965-8681','Emery Osinski I','1-337-224-3169x471','552-075-1694x56869','adalberto89@example.com','liliana.beier@example.org','armando85@example.net','http://lorempixel.com/640/480/'),(70,'Prosacco','Lenna','Klocko','wiza.ella','ecc97f6d6626ee92f96a4cf94cee137b','2007-08-22','7419 Hartmann Wells Suite 329\nNorth Laurieborough, ND 89583-7449','656-636-8474','Elenora Runolfsson','1-685-211-3762x03433','098-328-3104','Uriel Weber','1-380-771-8818','968-684-6256','ayana01@example.org','gibson.rudy@example.net','mhermann@example.com','http://lorempixel.com/640/480/'),(71,'Bogisich','Johnathan','Pacocha','zella92','eddcac82c22d0790d51dcbdd87abf421','1973-05-23','4702 Kohler Causeway\nElectafurt, MS 12221','+74(8)3075486106','Hertha Nicolas','274-985-3961','872.949.4373x249','Prof. Zachary Predovic','07516728288','127.493.1856x2212','nschiller@example.org','furman46@example.org','annabel.beatty@example.or','http://lorempixel.com/640/480/'),(72,'Pfannerstill','Amanda','Pagac','feeney.erich','4f9dd1a40640a0d5e7ac2bbcd6b5db59','2015-04-11','930 Nicklaus Brooks Apt. 105\nVonchester, AL 49063','03324053937','Aracely Schroeder I','1-572-841-5170','09125110884','Amanda Heathcote','884-986-9050x86777','249-005-6675','collins.jake@example.net','watson.schuppe@example.ne','zreinger@example.com','http://lorempixel.com/640/480/'),(73,'Stracke','Daisha','Cronin','earlene.sanford','4ea961253a2ca45032fb77ca927db6c9','2019-12-07','08955 Wyman Inlet Apt. 495\nBrakusfurt, PA 98288','(117)198-2927','Madelynn Weber V','1-949-051-4785','060.820.7804','Thomas Nicolas V','928-886-4489','(173)604-7073','leatha50@example.net','harris.golda@example.org','christiansen.kayden@examp','http://lorempixel.com/640/480/'),(74,'Heaney','Jabari','Luettgen','larkin.lloyd','d213a7f3aad560cff2e2a5f2c18ce1eb','2010-04-16','8723 Braun Branch\nSouth Chasemouth, IL 92311','946.060.6747','Emery Steuber','1-187-330-4135','452.307.9203x23035','Paris Sauer','825.383.6414x5244','289-244-3102x34715','hester71@example.org','jenifer.rowe@example.net','uquigley@example.org','http://lorempixel.com/640/480/'),(75,'Boyle','Gaetano','Jacobs','vdickinson','f4330a38e3e6e21e4dfcadb689786fee','1983-08-22','2485 Thiel Valley Apt. 364\nWest Noeliatown, MO 45356-2505','722-327-2741','Prof. Mossie Fay','819.187.9755x747','(998)828-4341x344','Miss Roxanne Grimes II','(854)989-7261','+52(9)0396108639','ally45@example.org','gunner.bauch@example.com','odell.mcclure@example.com','http://lorempixel.com/640/480/'),(76,'Dickens','Brendon','Runolfsdottir','amara.prosacco','5ad228967881f892690a8a08fbbbf07d','2006-01-09','451 Carole Points\nPort Artchester, CA 94081-8141','1-700-876-1543','Ms. Joanny Dicki Sr.','1-498-421-5092x4967','(406)124-2798x065','Darrick Reichert','(411)466-2984','400.682.4722','walsh.jade@example.net','alexanne39@example.com','cremin.phoebe@example.net','http://lorempixel.com/640/480/'),(77,'Botsford','Vinnie','Effertz','bartoletti.judd','30dec74e182a1b0d175c498805dcfc21','2014-06-11','902 Hegmann Extension Apt. 307\nMarleyville, OR 36314-1108','538.984.1807','Eldon Romaguera','749-770-0931x06320','+58(9)8169976057','Esmeralda Tremblay','(288)666-3155','207-292-0183','frobel@example.net','abagail.kertzmann@example','ystiedemann@example.net','http://lorempixel.com/640/480/'),(78,'Olson','Shania','Osinski','davis.amie','b97f3337de23cd778a8e681a68eaa1b1','1999-04-17','98856 Anderson Turnpike Suite 270\nKobyborough, OH 15821','561.112.5133x502','Johathan Krajcik','1-282-838-3196x342','726-007-6018x60000','Mr. Greg Emard','07252364454','(276)354-5238','fbergstrom@example.net','glittle@example.org','felicia.sawayn@example.co','http://lorempixel.com/640/480/'),(79,'O\'Keefe','Dayana','Russel','zernser','8027226e39ce5e175e3c8f7a52ad4e1c','1972-04-26','919 Dejah Key\nNew Robin, CA 80625','998-384-1978x069','Ursula Turcotte','1-623-165-2510','+03(5)6668396453','Dr. Nicolas Wuckert V','1-939-485-2080','551.616.9909','americo26@example.net','brandyn97@example.com','nickolas.runte@example.or','http://lorempixel.com/640/480/'),(80,'Borer','Gina','Kreiger','emely02','0b3f1cb8e7251bff3639453631cf5033','1993-07-03','94517 Wade Hills Suite 639\nWest Hortense, IN 54317','032.462.0196x1308','Kamren Conn','083.869.7067','792.983.8558','Kyleigh Luettgen','601-061-4428','1-394-947-1795x81454','aida97@example.org','lionel50@example.com','fahey.bailey@example.net','http://lorempixel.com/640/480/'),(81,'Rowe','Elvera','Jacobi','lo\'kon','1b9f31206b8b4cb2b17e4649a64a2594','1984-04-26','1555 Donnelly Vista\nNew Marion, ID 11623','03788281511','Ms. Judy Pfeffer','1-449-170-2805','(013)691-2607x4861','Prof. Martine Halvorson','1-759-739-0612x97225','029.623.7150x680','maximillian64@example.net','quigley.jett@example.com','carolyne90@example.net','http://lorempixel.com/640/480/'),(82,'Haley','Charlene','Schinner','alba92','958e4e219103b4c56bc02327721f9db5','1985-05-17','043 Kreiger Courts Apt. 237\nRitchieton, NM 17655-5469','02067237809','Sarah Wisozk','599-307-2625','(417)499-1212x011','Luisa Parisian','(786)668-2979x876','368-741-1979','champlin.colby@example.co','helga.mckenzie@example.ne','berenice30@example.net','http://lorempixel.com/640/480/'),(83,'Rosenbaum','Adrain','Kiehn','dkirlin','b485c5130f5b66b5269172d6ca628215','2017-11-30','16982 Paucek Ports Apt. 093\nNorth Collinville, TN 80260-3170','434-421-3831x222','Deon McKenzie','598-379-9407x71116','1-439-488-5327x96988','Ms. Teresa Hegmann PhD','531.253.5141','1-991-623-3559','wfeest@example.org','rutherford.zetta@example.','to\'reilly@example.org','http://lorempixel.com/640/480/'),(84,'Roob','Eve','Mohr','fabian02','41417a617063ae21a1bcb76f6a7d84b7','1978-11-01','89480 Renner Village\nKiraburgh, DC 44295','189-162-0728x276','Wilmer Williamson','+23(3)0023742333','149-018-0535x148','Janick Sawayn I','641.305.3969','1-005-169-6570x8053','elena21@example.org','ybrown@example.org','franecki.randal@example.c','http://lorempixel.com/640/480/'),(85,'Lubowitz','Loma','Halvorson','stremblay','4dfb70f316faf20160cb1408cb0ff618','1988-08-30','7109 Kuhn Summit\nSchoentown, NC 38461','1-935-058-1934x995','Lucas Okuneva','369-289-4319x0563','1-849-181-6609x20719','Bradly Dickens','(388)081-8247x7113','309.710.2984x7893','zemlak.jasmin@example.net','hermina93@example.org','tratke@example.com','http://lorempixel.com/640/480/'),(86,'Windler','Seth','Ratke','doyle.lynch','2f663643b5e89000fe0bb04f34abaa80','1999-07-24','983 Gottlieb Meadows Suite 337\nFreddyville, TN 66715','703-676-1639','Mrs. Helene Zulauf','463-273-7931x22585','743-736-7393x53229','Maida Shanahan','660-558-9073x9683','(302)213-4094','patrick.schoen@example.ne','helmer74@example.org','vrodriguez@example.com','http://lorempixel.com/640/480/'),(87,'Johns','Angelita','Waelchi','adrain.king','1250034a36bdba21de8bd669498bef12','1973-07-08','42615 Beier Avenue\nNew Bridgetview, KY 97951-2821','1-513-576-9065','Kaya Ziemann V','1-983-587-4192x1348','300.791.2125x84816','Mckenna Quitzon','920.378.6552x575','(774)895-4480','chane@example.net','evalyn39@example.com','cristina.oberbrunner@exam','http://lorempixel.com/640/480/'),(88,'Sipes','Antonina','Fadel','volkman.leslie','185a8959a9d7c29eda859b9f4759be28','2007-08-26','394 Roma Center Suite 743\nPort Phoebe, TX 49426-6962','08183537881','Emory Kshlerin','(123)304-6616x180','502.479.1837','Antoinette Kovacek','(219)575-2425','048.680.3665','jacklyn06@example.org','o\'connell.verla@example.c','pledner@example.com','http://lorempixel.com/640/480/'),(89,'Lindgren','Hallie','Eichmann','aric.hansen','50a08eaf66a20ff269ac8e90493395ba','2016-12-18','6644 Ortiz Fall\nStrosinmouth, NM 97387-8783','869-146-5601x40745','Liliana Kozey','(645)615-1155x50751','929-527-6228x3223','Lillie Nader III','321.362.8172x5161','(054)255-7010','schmitt.elena@example.com','hanna84@example.org','alexa29@example.org','http://lorempixel.com/640/480/'),(90,'Champlin','Mireya','Runolfsson','pkautzer','008087b3988958d06f2ba6ae76fb6d43','1984-09-29','2963 Kiehn Isle\nWest Avery, NV 19063-7258','(231)937-0833','Manley Volkman','04429558571','1-597-488-8346x76419','Yasmine McLaughlin','1-460-393-6374','1-468-061-7471x616','mikel03@example.com','kanderson@example.com','gerhold.adell@example.org','http://lorempixel.com/640/480/'),(91,'Harber','Reginald','Mohr','rupert.tromp','c9f2315bc7cd693f847827f83dd56172','1977-09-14','46813 Abbott Branch\nWinstonmouth, LA 35001-8256','05361448055','Mr. Quincy Hansen Sr.','1-438-149-9499','1-197-827-9994','Avery Bogisich','864-868-4446x77330','(633)229-2189x94026','bonnie67@example.net','clotilde.o\'kon@example.ne','xfranecki@example.org','http://lorempixel.com/640/480/'),(92,'McClure','Sister','Haley','dayna.rolfson','8fdb5b9778314393e13c609f7e570b41','1994-01-07','11192 Kub Extension\nWittingborough, RI 51332-9880','748-976-2366','Dr. Verner Leuschke PhD','361.375.7852x485','1-736-211-3593x121','Mandy McClure','01991095729','+75(4)0905883884','bkeebler@example.com','rosenbaum.thelma@example.','christine.frami@example.c','http://lorempixel.com/640/480/'),(93,'Pfannerstill','Althea','Hoeger','yost.adonis','d4f97aa59ee4cfc30de3b86c912e534e','1976-02-14','2673 Beer Canyon Apt. 826\nLindgrenville, FL 53658-5769','633-089-2185','Kadin Mraz MD','624-312-5032x77437','578.448.4488','Jayde Kuhlman','1-099-306-0337','(598)383-5923','parker.jaylin@example.net','ed09@example.org','hane.eve@example.com','http://lorempixel.com/640/480/'),(94,'Reichert','Matteo','Robel','boyle.alf','d5d5c3bc3e3338e8704923a5ff430fab','2014-07-16','27125 Keara Highway Suite 079\nEast Gilestown, MN 70449-5048','431-444-1104','Cullen Heller','08704731536','453.130.1205x28669','Justine Lowe','847-363-9452x2308','871.124.4825x1388','altenwerth.dawson@example','merlin96@example.com','roger.wiegand@example.org','http://lorempixel.com/640/480/'),(95,'Nicolas','Zane','Wunsch','wintheiser.samson','e0ff0ea651e6a5b40dfb18171b6a4b06','2018-02-25','3422 Kayleigh Station\nNorth Alfredburgh, OK 47311','508.376.3381','Mr. Vito Schowalter III','971.228.0460x00163','1-783-924-4553x96522','Ms. Claudine Bode III','1-877-579-9681','693-112-7817x946','robel.josue@example.org','ayana.beier@example.net','paul.langworth@example.ne','http://lorempixel.com/640/480/'),(96,'Jacobi','Virginie','Kunze','alysson.altenwerth','542781a53d99fb76b3de7ed13b130a21','1994-03-29','2261 Franecki Highway\nSouth Dorcas, DE 46469','(156)219-5720x587','Lew Swift','710.129.9285','709.305.3604','Prof. Sally Shanahan','+18(2)4027659099','397-229-2788x8003','ifeest@example.com','paxton.o\'connell@example.','kallie.zemlak@example.net','http://lorempixel.com/640/480/'),(97,'Wyman','Rafaela','Lakin','antonette.runolfsson','e05020005f14423fdfba4488b672efd8','1994-02-05','37405 Maye Trail Suite 586\nEast Flaviemouth, SC 91265','321.052.4484x5196','Jesus Gerlach PhD','268-771-9662x758','594-952-5006x234','Vesta Stokes','550-047-5052x76065','02268583459','alison77@example.com','koss.jevon@example.net','cristopher06@example.org','http://lorempixel.com/640/480/'),(98,'Balistreri','Vita','Williamson','guido67','c511e3d847a088710712fd46ac7f6c7b','2009-05-14','23553 Carrie Junctions\nGertrudeview, WA 56999','(686)393-4696','Dr. Carol Hand','129.005.6858x22294','(899)312-7241','Juvenal Wilderman','841-083-3607x22129','(411)941-4050','ystamm@example.com','jennyfer25@example.com','renner.helen@example.com','http://lorempixel.com/640/480/'),(99,'Huel','Darwin','Bergnaum','lemke.stuart','2d2844f3f3a921ab880c567dd5cd6d60','2011-03-06','4305 Tremblay Harbors\nPort Wilfredomouth, MO 54751','08426475421','Estefania Greenfelder DVM','(661)854-0745','(731)254-3166x7277','Dr. Greyson Cronin DVM','1-047-310-6046','456.316.5527','huels.shakira@example.net','schuppe.haskell@example.o','rogelio.rohan@example.org','http://lorempixel.com/640/480/'),(100,'Wiza','Danial','Stehr','stark.javon','b667e76dc6ae1fa0b0c15519558953b0','2011-09-18','897 Yvonne Greens Apt. 300\nSouth Andrewport, NC 86653','+88(2)7659151735','Alysha Weber DVM','241-318-2988x564','03147461042','Dr. Onie Hermann DDS','08209607635','(665)414-2888x42458','fbrown@example.com','chanel.langosh@example.co','haleigh.feeney@example.co','http://lorempixel.com/640/480/');
/*!40000 ALTER TABLE `students` ENABLE KEYS */;
UNLOCK TABLES;

--
-- Table structure for table `students_in_class`
--

DROP TABLE IF EXISTS `students_in_class`;
/*!40101 SET @saved_cs_client     = @@character_set_client */;
/*!50503 SET character_set_client = utf8mb4 */;
CREATE TABLE `students_in_class` (
  `class_id` int unsigned NOT NULL COMMENT 'Ссылка на класс',
  `student_id` int unsigned NOT NULL COMMENT 'Ссылка на студента',
  PRIMARY KEY (`class_id`,`student_id`) COMMENT 'Составной первичный ключ',
  KEY `students_in_class_student_id_fk` (`student_id`),
  CONSTRAINT `students_in_class_class_id_fk` FOREIGN KEY (`class_id`) REFERENCES `classes` (`class_id`) ON DELETE CASCADE,
  CONSTRAINT `students_in_class_student_id_fk` FOREIGN KEY (`student_id`) REFERENCES `students` (`student_id`) ON DELETE CASCADE
) ENGINE=InnoDB DEFAULT CHARSET=utf8mb4 COLLATE=utf8mb4_unicode_ci COMMENT='Ученики в классе';
/*!40101 SET character_set_client = @saved_cs_client */;

--
-- Dumping data for table `students_in_class`
--

LOCK TABLES `students_in_class` WRITE;
/*!40000 ALTER TABLE `students_in_class` DISABLE KEYS */;
INSERT INTO `students_in_class` VALUES (4,2),(3,4),(66,4),(49,5),(92,5),(11,6),(69,6),(19,7),(38,7),(83,8),(44,9),(57,9),(59,10),(61,10),(98,10),(36,12),(55,12),(79,14),(60,19),(65,19),(100,19),(98,21),(95,22),(17,24),(86,25),(35,28),(38,28),(55,28),(39,29),(76,29),(67,31),(68,31),(67,32),(73,32),(96,34),(3,37),(78,37),(4,39),(29,39),(66,39),(57,40),(16,41),(63,42),(29,43),(89,43),(12,45),(51,45),(4,46),(67,47),(76,47),(90,51),(80,55),(98,55),(21,56),(79,58),(79,61),(64,62),(43,65),(3,66),(11,69),(31,69),(45,69),(2,70),(23,72),(69,74),(81,74),(26,75),(39,75),(66,75),(11,76),(36,78),(65,80),(63,81),(6,82),(43,82),(60,82),(93,82),(36,83),(83,85),(88,85),(23,86),(49,87),(16,89),(39,89),(42,89),(7,90),(94,92),(25,93),(81,94),(97,95),(24,96),(3,97),(62,97),(70,97),(34,98),(67,98),(33,99),(82,99),(63,100),(92,100);
/*!40000 ALTER TABLE `students_in_class` ENABLE KEYS */;
UNLOCK TABLES;

--
-- Table structure for table `students_in_parent`
--

DROP TABLE IF EXISTS `students_in_parent`;
/*!40101 SET @saved_cs_client     = @@character_set_client */;
/*!50503 SET character_set_client = utf8mb4 */;
CREATE TABLE `students_in_parent` (
  `studparent_id` int unsigned NOT NULL AUTO_INCREMENT,
  `parent_id` int unsigned NOT NULL COMMENT 'Ссылка на таблицу родителей',
  `student_id` int unsigned NOT NULL COMMENT 'ССылка на таблицу учеников',
  `relative_id` int unsigned NOT NULL DEFAULT '1' COMMENT 'Ссылка на таблицу родства',
  UNIQUE KEY `studparent_id_2` (`studparent_id`),
  KEY `studparent_id` (`studparent_id`),
  KEY `relative_id` (`relative_id`),
  KEY `students_in_parent_parent_idfk` (`parent_id`),
  KEY `students_in_parent_student_idfk` (`student_id`),
  CONSTRAINT `students_in_parent_parent_idfk` FOREIGN KEY (`parent_id`) REFERENCES `parents` (`parent_id`) ON DELETE CASCADE,
  CONSTRAINT `students_in_parent_relative_id_fk` FOREIGN KEY (`relative_id`) REFERENCES `relatives` (`relative_id`) ON DELETE CASCADE,
  CONSTRAINT `students_in_parent_student_idfk` FOREIGN KEY (`student_id`) REFERENCES `students` (`student_id`) ON DELETE CASCADE
) ENGINE=InnoDB AUTO_INCREMENT=101 DEFAULT CHARSET=utf8mb4 COLLATE=utf8mb4_unicode_ci COMMENT='Родители ученика';
/*!40101 SET character_set_client = @saved_cs_client */;

--
-- Dumping data for table `students_in_parent`
--

LOCK TABLES `students_in_parent` WRITE;
/*!40000 ALTER TABLE `students_in_parent` DISABLE KEYS */;
INSERT INTO `students_in_parent` VALUES (1,72,17,4),(2,7,33,2),(3,90,48,4),(4,94,35,3),(5,43,75,1),(6,13,83,2),(7,88,89,3),(8,17,89,2),(9,100,8,3),(10,3,47,1),(11,99,37,3),(12,80,15,2),(13,68,5,4),(14,51,62,2),(15,82,55,3),(16,39,20,1),(17,67,17,4),(18,25,86,2),(19,100,31,4),(20,3,8,4),(21,3,1,4),(22,55,63,2),(23,7,25,2),(24,64,16,4),(25,83,3,1),(26,67,67,1),(27,100,67,3),(28,72,29,3),(29,81,17,3),(30,92,40,2),(31,88,95,2),(32,13,46,4),(33,9,23,1),(34,81,30,2),(35,66,4,2),(36,13,36,1),(37,62,43,2),(38,44,44,4),(39,22,52,2),(40,14,90,2),(41,92,34,2),(42,68,80,3),(43,42,25,4),(44,61,79,3),(45,75,29,3),(46,53,57,3),(47,31,94,4),(48,6,59,1),(49,39,21,3),(50,67,97,3),(51,46,53,3),(52,57,72,3),(53,26,62,4),(54,93,80,1),(55,68,93,3),(56,45,81,3),(57,70,37,1),(58,6,7,2),(59,16,21,2),(60,14,42,4),(61,32,48,2),(62,97,68,1),(63,83,5,1),(64,40,18,4),(65,82,77,4),(66,19,75,2),(67,34,22,3),(68,45,15,1),(69,39,42,2),(70,11,17,3),(71,46,79,1),(72,89,48,2),(73,46,7,1),(74,92,93,4),(75,55,76,2),(76,87,62,1),(77,99,71,2),(78,9,76,1),(79,16,40,4),(80,17,48,1),(81,56,70,4),(82,39,29,1),(83,15,52,1),(84,7,39,2),(85,76,76,2),(86,7,12,4),(87,60,1,4),(88,47,53,1),(89,90,61,3),(90,78,6,1),(91,26,43,2),(92,83,4,4),(93,29,75,2),(94,6,56,4),(95,59,45,4),(96,42,38,3),(97,41,30,3),(98,100,79,4),(99,47,84,3),(100,90,49,2);
/*!40000 ALTER TABLE `students_in_parent` ENABLE KEYS */;
UNLOCK TABLES;

--
-- Table structure for table `students_on_lesson`
--

DROP TABLE IF EXISTS `students_on_lesson`;
/*!40101 SET @saved_cs_client     = @@character_set_client */;
/*!50503 SET character_set_client = utf8mb4 */;
CREATE TABLE `students_on_lesson` (
  `studless_id` int unsigned NOT NULL AUTO_INCREMENT COMMENT 'Идентификатор строки',
  `student_id` int unsigned NOT NULL COMMENT 'Ссылка на таблицу учеников',
  `lesson_id` int unsigned NOT NULL COMMENT 'Ссылка на таблицу уроков',
  `grade` char(3) CHARACTER SET utf8mb4 COLLATE utf8mb4_unicode_ci DEFAULT NULL COMMENT 'Оценка',
  `behavior` int unsigned DEFAULT NULL COMMENT 'Поведение',
  `quater` varchar(255) CHARACTER SET utf8mb4 COLLATE utf8mb4_unicode_ci DEFAULT NULL COMMENT 'Четверть',
  `subject_id` int unsigned DEFAULT NULL COMMENT 'Ссылка на таблицу subjects Какой урок, кто преподаватель, какой класс',
  `DATE_grade` datetime DEFAULT NULL COMMENT 'Дата оценки',
  `DATE_note` datetime DEFAULT NULL COMMENT 'Дата замечания',
  `note` text CHARACTER SET utf8mb4 COLLATE utf8mb4_unicode_ci COMMENT 'Текст замечания',
  PRIMARY KEY (`studless_id`),
  KEY `students_on_lesson_lesson_id_fk` (`lesson_id`),
  KEY `students_on_lesson_student_id_fk` (`student_id`),
  KEY `students_on_lesson_subj_id_fk` (`subject_id`),
  CONSTRAINT `students_on_lesson_lesson_id_fk` FOREIGN KEY (`lesson_id`) REFERENCES `lessons` (`lesson_id`) ON DELETE CASCADE,
  CONSTRAINT `students_on_lesson_student_id_fk` FOREIGN KEY (`student_id`) REFERENCES `students` (`student_id`) ON DELETE CASCADE,
  CONSTRAINT `students_on_lesson_subj_id_fk` FOREIGN KEY (`subject_id`) REFERENCES `subjects` (`subject_id`) ON DELETE CASCADE
) ENGINE=InnoDB AUTO_INCREMENT=101 DEFAULT CHARSET=utf8mb4 COLLATE=utf8mb4_unicode_ci COMMENT='Ученик на уроке';
/*!40101 SET character_set_client = @saved_cs_client */;

--
-- Dumping data for table `students_on_lesson`
--

LOCK TABLES `students_on_lesson` WRITE;
/*!40000 ALTER TABLE `students_on_lesson` DISABLE KEYS */;
INSERT INTO `students_on_lesson` VALUES (1,97,5,'2',2,'100',23,'1976-08-28 08:45:10','1972-04-22 10:52:18','Quia exercitationem quasi et amet sit ut numquam dolores. Ea quis nam quasi optio aut. Cum et ratione impedit iusto rerum.'),(2,56,71,'2',3,'35',14,'1972-03-18 16:03:15','1995-08-17 23:27:28','A culpa et et enim repellendus perspiciatis. Sunt ipsam ipsam ullam alias culpa commodi optio. Et error nihil non dolor vel.'),(3,30,49,'4',2,'83',2,'1979-02-20 23:34:38','1990-06-23 11:05:30','Enim est et non facere corrupti. Facere qui vel occaecati consequatur. Doloremque dolores et enim ut a a quidem. Aut quia aspernatur corporis suscipit deserunt rerum.'),(4,55,76,'1',5,'65',84,'2005-08-23 20:02:54','1997-05-21 22:57:53','Eligendi corrupti vel dicta consequatur beatae. Sapiente et voluptatem veritatis ea nemo voluptatibus. Minus veniam deserunt eum quaerat. Debitis non ut veritatis repellendus.'),(5,57,20,'4',1,'100',54,'2004-05-05 03:39:06','1987-01-16 11:47:17','Omnis voluptatibus doloribus libero. Libero aut aut tempore beatae enim. Quam ratione dolorem ex ipsum quia.'),(6,78,19,'2',4,'52',95,'1978-03-18 01:03:01','2004-08-06 17:34:04','Id aut dolore est repellat architecto. Excepturi ex blanditiis ut consequatur facilis repellat. Impedit est cumque sunt iusto.'),(7,4,21,'4',1,'20',63,'2005-06-01 00:42:04','2006-03-10 15:06:50','Aperiam odit odio officia perferendis dolorem sed. Pariatur voluptate consequatur accusantium error in officiis pariatur. Atque itaque debitis ut doloremque accusantium molestiae cupiditate. Optio nulla molestiae et totam.'),(8,58,10,'2',3,'18',87,'2009-09-19 20:03:15','1984-02-29 14:24:07','Maxime omnis ipsa voluptatem neque. Ipsum dolorem rerum velit repellat esse ut. Voluptas velit repellat culpa ut eveniet. Culpa aut numquam doloribus voluptate. Mollitia error dolorem error consequatur voluptatum eos consectetur.'),(9,44,69,'3',2,'72',41,'2001-10-18 09:42:47','2017-02-15 08:49:40','Excepturi velit cum provident tempora qui praesentium. Sed praesentium nihil vitae tenetur. Incidunt animi cum ut in et sed. Dolor ratione quae ab velit omnis.'),(10,53,77,'2',4,'39',7,'1991-02-15 10:43:26','2010-04-26 09:13:08','Omnis hic et nostrum quis. Unde illo expedita fugit sequi eaque et. Delectus sed qui temporibus quod sapiente et.'),(11,71,36,'3',3,'47',95,'1992-06-20 16:47:13','1981-07-27 20:02:30','Dolorum aut nihil dolor nisi voluptatum porro nam. Ut ut magni ut esse tenetur tempore. Non quam ipsa possimus deserunt occaecati suscipit sunt quia.'),(12,90,22,'5',1,'54',71,'2013-12-29 21:43:38','1979-02-18 18:15:38','Nihil consequatur quis qui. Repudiandae voluptatem vel est officiis provident voluptas consequatur. Qui aut deserunt quam ex est ratione. Corporis debitis fuga hic commodi optio excepturi quo.'),(13,73,39,'4',3,'45',86,'2018-01-09 10:17:21','2017-11-20 07:20:43','Assumenda inventore totam nisi quam. Nobis ducimus dolores voluptatem ducimus enim aspernatur aut aut. Numquam architecto iste et quam. Animi voluptatem deserunt molestiae recusandae consequuntur mollitia. Dolorum debitis recusandae occaecati.'),(14,62,23,'3',3,'91',76,'1997-02-28 20:08:26','1996-03-28 04:05:27','Sunt ut ut ad enim quis rerum dolorum maiores. Tenetur dolorem esse laboriosam aliquam nihil incidunt soluta inventore. Occaecati quis nihil nesciunt minus neque odit.'),(15,77,91,'2',3,'24',80,'1989-10-08 19:46:48','1978-07-14 05:22:15','Quia iste cumque rerum voluptatum. Molestiae qui veniam totam ut quo.'),(16,49,80,'3',3,'34',5,'2008-08-18 07:38:43','2015-02-04 07:18:20','Deleniti voluptas saepe iure enim animi nam atque. Recusandae voluptas voluptatum veritatis eaque cupiditate error quia. Porro distinctio eos aliquam et molestiae nam. Sequi rem quas in adipisci nemo voluptas.'),(17,14,89,'3',1,'56',18,'1990-01-28 00:57:19','1986-01-01 14:55:41','Facilis consequatur voluptate dolorem et placeat vitae. Est aut eaque voluptates voluptate sapiente. Hic velit praesentium et sit.'),(18,8,99,'1',2,'12',6,'1972-05-24 12:29:00','1973-05-24 08:38:40','Ut doloremque dolorem nesciunt assumenda. Vel eius asperiores alias qui occaecati doloremque. Ipsum quia voluptate natus temporibus. Assumenda qui unde et tempore nobis.'),(19,82,8,'4',5,'7',35,'2000-03-04 07:15:32','1996-10-06 13:29:19','Ea consequatur accusamus temporibus mollitia quisquam laboriosam. Nam totam perspiciatis nemo. Et non excepturi voluptatem ut ducimus.'),(20,50,42,'5',3,'73',70,'1980-08-11 03:42:59','2013-11-16 04:59:09','Nihil iusto voluptas eligendi ab quia enim. Illo esse distinctio id quaerat maiores perferendis. Quaerat consectetur voluptatum exercitationem ea porro odit. Et dolorem sit quia labore dolorum ipsum.'),(21,35,14,'4',3,'4',1,'2011-01-29 03:54:38','1985-09-28 09:40:53','Aut maiores debitis ipsa perspiciatis. Velit delectus architecto harum error voluptatem sit quo. Enim ducimus voluptatem sit molestiae.'),(22,60,98,'2',5,'50',89,'2002-08-07 07:13:04','2017-12-07 09:18:28','Voluptatum qui sed voluptatum odit. Nulla id possimus ab sint exercitationem est perspiciatis perspiciatis. Dolorem eum cumque eius voluptate dolorum sint sunt.'),(23,76,55,'5',2,'18',65,'1994-06-22 11:57:08','2020-02-24 15:45:36','Magni ea ut dolore incidunt optio illo. Odio laborum eos odio. Consequatur id dolore ducimus quas ea dolor. Iusto qui dolore officiis voluptate ut commodi.'),(24,10,74,'1',3,'33',42,'2020-04-05 11:40:55','2011-02-07 08:36:14','Dolor rerum ut ut qui. Harum maxime laudantium repudiandae doloribus praesentium. Vitae aliquid est iure libero quia.'),(25,14,53,'4',5,'3',62,'1984-09-07 05:35:55','2006-10-30 03:46:24','Qui praesentium voluptatem cupiditate quia illum qui itaque. Omnis voluptatem voluptatem ratione quo.'),(26,97,99,'3',5,'85',13,'2008-02-21 18:21:14','2014-08-31 04:09:53','Unde ipsa hic in corrupti voluptas quia dicta. Dolorem voluptatem deserunt est autem minima eum enim. Accusantium aperiam hic voluptates. Quas veniam aperiam consequatur alias nesciunt tempore.'),(27,67,40,'1',2,'97',100,'1984-12-26 06:11:53','1986-10-01 21:01:38','Velit excepturi ea dolor quam ut molestiae. Amet quasi et est voluptas maiores aliquam. Amet accusantium consequuntur similique quis nobis in necessitatibus.'),(28,8,18,'1',3,'7',32,'2018-12-30 16:05:49','2008-09-04 23:30:46','Sunt voluptas non ducimus. Ab ab voluptates nulla eligendi. Minus nihil ut voluptas aspernatur atque.'),(29,74,35,'5',3,'44',58,'2008-09-24 15:31:42','1990-02-12 00:28:54','Aut nulla et laboriosam tempore consequatur. Laboriosam accusamus aut quidem et maiores et. Deserunt et perspiciatis est. Ab alias perferendis ducimus in ad enim. Pariatur eius est excepturi incidunt.'),(30,83,77,'2',2,'22',51,'1993-09-02 22:44:25','1998-01-19 06:32:52','Repudiandae eos in occaecati ut sed animi vitae. Aut soluta modi at nemo. Et voluptatem ut inventore dignissimos. Dicta molestias adipisci ea a aut. Ratione ut quia repellendus vero commodi dignissimos.'),(31,52,61,'4',2,'31',40,'2021-03-30 03:54:44','2020-04-26 21:00:08','Eos eos temporibus quia. Eveniet mollitia aliquid omnis suscipit unde fugit ipsum. Quia quibusdam fugiat facilis qui. Illum expedita veniam perferendis.'),(32,89,7,'2',1,'80',81,'1972-05-01 02:26:11','2000-10-08 19:36:16','Iste quas minima corrupti et consequatur. Magnam aut accusamus id rerum optio corporis facere aperiam. Aut reprehenderit impedit fuga eveniet. Reiciendis quia mollitia voluptatem repudiandae consequatur et.'),(33,26,85,'4',3,'2',33,'1983-12-14 01:30:18','2006-10-05 16:31:05','Voluptatem sequi incidunt voluptatibus sit. Eius deserunt voluptatem provident ut eos. Nulla dolores non minima ut. Facilis sit nihil exercitationem enim.'),(34,83,82,'3',5,'92',81,'2013-08-26 03:24:41','1977-07-17 10:35:59','Autem alias aspernatur non totam rem. Occaecati eligendi accusantium minima. Repellat iste nisi quia. Ab corporis in eius quidem accusamus est.'),(35,53,56,'3',4,'54',29,'1973-01-08 23:35:51','1971-08-11 14:18:03','Qui deserunt mollitia asperiores accusamus cupiditate nihil. Non velit quam impedit quia minus. Ut et aliquid fuga aspernatur.'),(36,3,100,'3',2,'8',4,'1980-05-10 00:37:19','1970-02-18 05:33:01','Possimus ratione quod voluptatem non dolores minima. Consequuntur dolores quo dolores soluta sit aut. Accusamus et cum culpa sapiente. Praesentium dolores voluptatum qui cum cumque.'),(37,84,78,'1',5,'49',90,'1981-10-22 01:22:16','2017-08-30 10:24:36','Repudiandae recusandae et consequatur ut earum reprehenderit voluptatum atque. Non molestiae modi inventore et nostrum. Dolorum et ut quas reiciendis perspiciatis qui. Qui dolores laboriosam et hic et assumenda omnis.'),(38,6,8,'5',3,'94',100,'1983-11-08 15:51:32','1970-10-27 23:51:20','Illum necessitatibus illum distinctio qui non praesentium. Dicta magnam minus est sed quis. Dignissimos quisquam consectetur ducimus omnis explicabo praesentium. Autem eos deleniti dolores iste consequatur fuga praesentium ab.'),(39,22,41,'3',5,'3',29,'2004-01-07 10:24:32','2002-09-23 19:38:18','Pariatur omnis sed harum. Reprehenderit quia magnam non autem. Accusamus mollitia qui eius hic architecto distinctio.'),(40,9,76,'4',4,'20',83,'1984-06-06 12:11:05','2013-12-13 06:18:01','A vero molestias rem repudiandae velit architecto. Est doloremque libero nihil. Labore eius molestiae sed.'),(41,18,63,'1',2,'79',43,'1980-01-20 17:52:51','1976-09-09 12:10:06','Illo est enim nisi voluptatem dignissimos. Voluptatum sapiente fugiat et ut molestiae autem. Accusamus numquam soluta reprehenderit.'),(42,83,14,'1',1,'66',36,'1995-01-23 09:14:59','2019-03-12 21:05:42','Est sequi aliquam doloremque enim consequatur tempore. Nemo in harum nesciunt animi consequatur illo reiciendis. Ratione quo porro rem. Autem et molestiae omnis et.'),(43,20,10,'2',5,'89',42,'2015-04-16 10:06:21','1997-07-02 21:43:18','Aut ratione voluptatum ea quia molestias. Adipisci sunt iste minus nihil enim.'),(44,19,78,'3',2,'53',47,'1970-07-01 00:50:38','1987-01-09 17:12:01','Ab omnis iure architecto quia illum officia consequatur. Tempore vero laborum quisquam laboriosam. Ut qui est velit. Ut deserunt voluptatem voluptatem necessitatibus. Laborum delectus neque eaque eius eaque est.'),(45,84,76,'4',5,'85',11,'1971-04-05 13:49:55','1993-05-24 16:07:10','Cupiditate alias fugiat qui et animi. Autem debitis id alias tenetur vero quia facere aut. Fugiat minus aut officia illum molestiae.'),(46,12,79,'5',1,'57',59,'2016-08-11 09:29:22','1972-09-28 02:04:06','Enim eos quasi corporis rem expedita. Animi eum nisi sed et consequatur dolore hic. Cumque et occaecati eos assumenda officia minus distinctio illo. Repudiandae id aut repellendus. Tempora ut sit doloribus officiis.'),(47,65,63,'2',1,'94',2,'1979-08-29 03:10:02','2020-11-03 20:30:57','Minima et accusamus et. Sed nostrum quis accusantium quia eum consequatur delectus. Quaerat laborum fugit ut temporibus corrupti odio. Voluptatem tenetur ratione veritatis velit repudiandae aut earum.'),(48,1,32,'5',3,'20',46,'1999-03-06 17:45:11','2012-01-28 12:07:13','Dolore nemo sit fuga error voluptas. Molestias laudantium esse et nemo ut dicta totam. Soluta nemo aperiam nihil praesentium adipisci atque vero.'),(49,28,100,'4',1,'99',62,'1980-12-07 23:46:44','2021-01-29 20:18:50','Error voluptatum est consequatur eum in. Magnam ut voluptatem dicta eveniet similique repellat perspiciatis. Aut aut dolore deleniti consequatur omnis velit rerum.'),(50,43,33,'1',4,'10',67,'1996-07-30 13:05:28','2002-09-07 05:43:21','Et aspernatur aliquid ipsum maxime optio. Tempora fuga et quasi odit ipsam. Aut est maiores labore pariatur aut dolore.'),(51,65,71,'1',1,'91',94,'1996-04-04 11:46:31','1982-04-16 00:14:08','Iste ad ab eius eum aut suscipit. Consequatur et illum et necessitatibus sint odit sequi voluptatem. Eveniet voluptatem fuga quas inventore numquam molestias. Animi quaerat magnam autem delectus accusamus.'),(52,78,34,'5',5,'58',41,'2021-01-29 13:19:17','1981-05-16 20:38:35','Dolorem eaque ut ducimus. Inventore facilis sit quisquam aspernatur.'),(53,30,45,'5',2,'86',90,'1986-08-02 15:42:13','2016-01-03 09:36:58','Sunt facilis repellat vel soluta officia nemo. Sint in blanditiis et nemo rem labore velit. Quas fugit dolores consectetur praesentium incidunt et. Officiis vitae esse et.'),(54,62,5,'1',5,'46',90,'1980-09-17 11:11:57','2003-02-06 20:43:38','Enim totam similique voluptas non. Laborum cum culpa expedita eum a qui. Velit molestiae ad dolorem eos fugiat exercitationem earum.'),(55,89,38,'2',3,'34',25,'1973-09-19 11:51:59','1995-08-28 15:22:28','Et blanditiis eveniet animi hic aliquam. Ullam consequatur dolorem labore molestias ex repudiandae. Magni sit aut nam et unde unde omnis.'),(56,36,3,'3',2,'35',89,'2015-03-21 13:36:58','1996-02-02 05:37:43','Ex et nesciunt ut adipisci ab ut blanditiis qui. Saepe consectetur fugiat et eos placeat. Mollitia aut error quas laborum omnis omnis harum. Placeat corporis id natus ut error.'),(57,91,54,'2',3,'29',84,'1973-08-31 10:54:14','1973-06-18 23:13:04','Doloremque velit quisquam assumenda. Libero aut vel et dolores consequatur. Distinctio corporis quis est molestias sed. Omnis incidunt sapiente omnis omnis.'),(58,64,6,'5',2,'10',65,'2005-07-02 02:37:57','2000-05-09 14:01:26','Et delectus velit ducimus doloribus cum dolores. Ut aut corrupti eum consectetur est est ut. Et fugiat nihil quidem deserunt dolore.'),(59,51,22,'2',1,'11',89,'1981-03-09 03:49:06','2019-06-28 21:00:42','Aut itaque voluptate qui laborum quidem deserunt vel. Ex eum distinctio vitae quibusdam. Aliquam excepturi dicta vero.'),(60,57,97,'5',1,'77',33,'1979-08-19 02:27:52','2016-08-19 14:25:48','Nam occaecati voluptatum molestiae et odit cupiditate veritatis. Facere at voluptas quas omnis laudantium quibusdam. Nesciunt perspiciatis quam et quaerat recusandae ratione. Vel laboriosam architecto fuga inventore molestiae nobis ex nobis.'),(61,62,12,'1',5,'19',98,'1992-09-03 18:21:25','1992-10-19 03:58:06','Enim voluptatem perspiciatis rerum laboriosam qui vel. Harum quo sint quisquam ratione ullam. Molestiae qui reprehenderit non ut repudiandae officia.'),(62,68,50,'3',1,'15',91,'2002-11-14 16:11:40','1995-11-28 21:39:18','Qui vero doloribus enim. Omnis voluptatem consequuntur et error. Nostrum voluptatem harum aut quas sapiente et harum.'),(63,13,61,'4',4,'65',47,'2015-10-01 00:57:13','2001-04-04 20:23:22','Sunt quia sed repellat quo eligendi eum. Et laudantium odio itaque incidunt. Molestias atque iste quos occaecati deleniti quasi minus. Sit ipsam et nisi aliquid vitae iste nulla assumenda.'),(64,1,4,'3',5,'47',87,'2017-05-04 07:53:34','2001-12-15 20:19:15','Officia explicabo consequatur saepe labore omnis natus. Sit officiis vitae et culpa repellat rerum repellat. Rerum ipsum corrupti eveniet libero iusto eos est excepturi. Laudantium quae sunt quia ab quis maxime atque.'),(65,35,81,'3',2,'32',56,'2019-07-22 16:34:25','1998-12-17 22:51:52','Ipsa numquam illum qui dolorem minima ipsam. Quasi voluptates aut aliquid qui voluptatem exercitationem. Voluptatem rerum asperiores maxime vel consequatur occaecati sint. Ut voluptatem accusantium ullam cum.'),(66,10,58,'5',4,'79',2,'1997-12-07 17:48:54','1984-09-17 05:19:33','Et eligendi incidunt molestiae. Sit iste et et quo illum impedit odit impedit. Aut ea a expedita molestias qui. Culpa velit ad qui consectetur doloremque in facere consectetur.'),(67,24,59,'5',1,'23',83,'2000-07-21 11:51:53','1975-11-07 18:38:44','Sunt minus quia accusantium illo. Reiciendis maxime harum eaque doloremque eligendi quam. Sapiente aut et ullam.'),(68,2,82,'4',4,'75',86,'2007-12-17 13:07:25','2012-06-01 20:16:01','Accusamus nam qui veniam sit dolorem. Aut aliquid natus tenetur molestiae. Quae repudiandae totam eos error.'),(69,74,18,'2',4,'30',50,'1997-12-06 02:11:53','1976-05-09 14:49:46','Eos labore ut fugiat voluptas. Tempora repellendus enim voluptates tenetur sint voluptatum. Illo sed qui sapiente et quibusdam non velit.'),(70,78,31,'1',1,'56',92,'2015-01-16 09:49:37','1989-05-21 10:19:20','Similique laudantium beatae pariatur quidem quasi quod dolorum. Ipsam dolore minus quos. Pariatur magnam blanditiis consequatur. Accusantium nisi consequatur nostrum.'),(71,86,7,'4',1,'80',1,'2018-05-19 20:49:21','1994-01-26 00:33:28','Ut fugit expedita sunt excepturi. Qui maxime ducimus dignissimos exercitationem dolore animi. Eum autem id quis ipsam.'),(72,28,41,'1',4,'61',77,'1995-05-05 00:22:03','1975-03-31 15:45:59','Aperiam voluptatibus blanditiis magnam. Architecto voluptas voluptas dolores quidem. Deleniti sed in dicta voluptas non explicabo animi in. Pariatur eum et esse eos et dicta repellat officia.'),(73,37,8,'4',3,'56',56,'2020-08-30 10:41:53','1984-05-14 13:41:44','Nihil consectetur tempora voluptates debitis sequi dolor molestiae. Ullam reprehenderit voluptatem nihil eligendi est excepturi. Voluptas hic suscipit voluptatem. Enim est sit in sit et.'),(74,21,96,'4',5,'24',33,'2021-03-27 03:33:05','1999-11-13 14:30:41','Incidunt nobis reprehenderit animi fuga dolor. Iste deleniti qui beatae dignissimos nisi. Accusantium in ea doloremque omnis aut aliquam ullam. Aut eius non sed et vitae aperiam officia saepe.'),(75,96,65,'4',4,'57',70,'1975-12-14 14:19:35','2009-07-29 06:48:46','Fugit maxime omnis perferendis sint non quo optio voluptatum. Accusamus assumenda maiores molestiae. Id soluta molestias et rem et et molestias.'),(76,34,72,'3',1,'25',3,'1981-11-02 20:56:47','2009-10-30 23:19:49','Qui eum voluptates quo eos dolorum omnis. Necessitatibus omnis assumenda molestiae quia sed rerum nihil.'),(77,54,82,'4',2,'33',77,'1994-10-18 20:49:39','1990-12-16 13:50:06','Repellat soluta dolorem voluptatem quia. Omnis omnis soluta porro officia autem. Quia magnam qui laboriosam. Voluptates officiis quia quod.'),(78,83,60,'2',4,'59',53,'1979-12-22 04:09:38','2010-08-16 01:12:29','Aut delectus non quo qui. Et aut esse quis omnis sed veritatis quisquam voluptas. Nam porro est saepe cumque ut veritatis ut.'),(79,88,45,'3',5,'99',94,'2007-10-26 10:40:18','1999-11-21 05:32:10','Quis laboriosam est vitae eum. Harum rerum incidunt a occaecati in corporis debitis. Aut consectetur neque quod.'),(80,9,34,'4',1,'27',7,'2009-06-30 11:06:34','2006-10-03 00:03:31','Aliquam sed perferendis porro iste asperiores in. Atque quas molestias qui dolorem alias. Fugit rerum consequuntur vitae numquam eum sit.'),(81,91,81,'1',1,'2',72,'1975-07-17 16:37:41','1975-05-30 12:51:48','Aut quis qui aspernatur. Quae tempora qui molestiae reiciendis. Voluptate qui voluptatem delectus et deserunt est nobis molestiae.'),(82,21,18,'4',1,'99',25,'2006-01-03 09:47:15','2012-09-04 08:23:31','Sapiente in et et rerum reprehenderit soluta et. Qui aut illum facilis. Iusto quaerat tempora laudantium et iure.'),(83,76,87,'2',5,'80',53,'2006-11-13 00:38:02','2011-03-30 12:27:25','Atque debitis rem commodi. Nesciunt molestiae dolorem commodi non. Et nisi nesciunt corporis odit molestiae voluptatem ipsam. Enim nostrum ut consequuntur nisi.'),(84,57,32,'3',4,'21',78,'1993-08-28 22:47:48','2006-12-09 19:39:44','Molestiae sapiente neque sit earum. Ea dolorum praesentium fugiat ab ut vel.'),(85,63,37,'5',2,'39',7,'2008-09-11 12:32:38','2016-01-25 12:48:37','Ullam aperiam iure quia incidunt corrupti quam. Adipisci ut molestias qui consequuntur omnis commodi praesentium. Non et est ut ut.'),(86,6,31,'1',3,'46',38,'2008-11-09 17:58:56','2012-06-18 19:18:29','Id esse quidem et ab quas sed repellendus. Molestiae et labore rerum quis est sunt unde. Corrupti corrupti eos recusandae veritatis quia. Eum voluptas quis et ex.'),(87,79,67,'2',5,'73',46,'1987-05-08 20:14:10','1996-05-10 21:44:24','Quaerat quibusdam repudiandae dignissimos ab aut repudiandae in illo. Laudantium molestiae vel recusandae nostrum ut.'),(88,63,19,'1',5,'66',8,'1987-02-24 03:54:41','2013-07-17 15:31:01','Eum laborum hic repudiandae rerum ut architecto rerum. Sint quae qui cum. Velit quia neque blanditiis eligendi. Facilis voluptates eos rerum esse veritatis animi.'),(89,78,52,'5',5,'52',57,'2000-10-09 00:56:47','2005-02-26 12:06:12','Inventore velit et et ut. Officiis fugiat magni asperiores molestiae possimus enim ea. In enim rem itaque. Quis odio et soluta sed non sequi quia eius.'),(90,7,10,'3',5,'40',27,'1970-06-20 09:27:18','2003-06-12 15:52:59','Reiciendis et iste rerum. Veritatis neque dicta amet necessitatibus. Sint excepturi ratione rerum porro ratione doloremque.'),(91,96,46,'2',3,'91',13,'2006-08-25 18:43:39','2008-08-30 07:58:15','Odit voluptatem iure omnis ut in quaerat. Et modi esse magni consequatur harum et.'),(92,12,58,'1',4,'20',19,'2013-01-03 08:03:31','1971-05-18 11:50:52','Tempora corrupti pariatur fuga quod dolorem beatae ad aspernatur. Sint ex culpa nobis quod et. Iure et optio in suscipit modi illum.'),(93,92,54,'5',2,'49',94,'1995-03-14 18:24:27','2011-03-14 18:13:38','Officiis eum excepturi voluptatum qui dicta dolorum at. Sit rerum eos odit adipisci dicta. Necessitatibus culpa nihil hic veritatis possimus odit dolores.'),(94,9,56,'5',1,'73',25,'1998-04-16 22:31:36','2020-05-25 10:48:53','Commodi vero tenetur qui quo suscipit beatae. Reprehenderit ut rerum quae illo consequatur. Et labore iusto cumque cupiditate adipisci perferendis qui. Aut et accusantium qui.'),(95,58,94,'1',4,'9',48,'2008-10-12 09:24:43','1985-07-14 13:23:39','Laborum officiis quisquam corporis quisquam voluptatem. Sint aut qui molestiae iure facere culpa molestias. Expedita aliquid iure consequatur eum optio ipsam ipsam. Beatae et numquam non esse.'),(96,21,42,'4',5,'11',46,'1975-11-03 18:50:16','1980-04-06 19:33:22','Culpa velit est aut inventore. Sit inventore aut doloribus doloremque doloremque. Ipsum non corrupti et est voluptatem.'),(97,65,62,'5',2,'38',51,'1993-04-19 08:03:42','2000-06-08 21:51:15','Est est doloribus adipisci eaque. Est et laboriosam molestiae eum. Fugiat cum dolor laudantium autem voluptate.'),(98,75,50,'2',3,'51',53,'1973-06-12 06:05:20','1982-11-20 11:54:55','Autem qui sunt laudantium labore reprehenderit ad modi. Modi ex expedita eos quis ea dolorem et. Corrupti dolorum aliquam alias.'),(99,14,44,'4',5,'72',28,'1985-10-03 17:06:55','2008-11-30 14:36:21','Quos doloribus esse officiis natus blanditiis. Neque in omnis ut.'),(100,45,10,'3',4,'65',19,'1989-12-09 18:24:42','2011-06-07 15:47:36','Illo quas velit et aut. Quidem et dolores qui laudantium eos ipsam. Sint veritatis ratione aliquid. Ut eum ex libero ducimus eius consequuntur.');
/*!40000 ALTER TABLE `students_on_lesson` ENABLE KEYS */;
UNLOCK TABLES;

--
-- Table structure for table `subjects`
--

DROP TABLE IF EXISTS `subjects`;
/*!40101 SET @saved_cs_client     = @@character_set_client */;
/*!50503 SET character_set_client = utf8mb4 */;
CREATE TABLE `subjects` (
  `subject_id` int unsigned NOT NULL AUTO_INCREMENT COMMENT 'Идентификатор строки',
  `discipline_id` int unsigned NOT NULL COMMENT 'Ссылка на наименование предмета',
  `teacher_id` int unsigned NOT NULL COMMENT 'Ссылка на учителя',
  `class_id` int unsigned NOT NULL COMMENT 'Ссылка на класс',
  PRIMARY KEY (`subject_id`),
  KEY `subjects_discipline_id_fk` (`discipline_id`),
  KEY `subjects_teacher_id_fk` (`teacher_id`),
  KEY `subjects_class_id_fk` (`class_id`),
  CONSTRAINT `subjects_class_id_fk` FOREIGN KEY (`class_id`) REFERENCES `classes` (`class_id`) ON DELETE CASCADE,
  CONSTRAINT `subjects_discipline_id_fk` FOREIGN KEY (`discipline_id`) REFERENCES `disciplines` (`discipline_id`) ON DELETE CASCADE,
  CONSTRAINT `subjects_teacher_id_fk` FOREIGN KEY (`teacher_id`) REFERENCES `teachers` (`teacher_id`) ON DELETE CASCADE
) ENGINE=InnoDB AUTO_INCREMENT=101 DEFAULT CHARSET=utf8mb4 COLLATE=utf8mb4_unicode_ci COMMENT='Проведение урока';
/*!40101 SET character_set_client = @saved_cs_client */;

--
-- Dumping data for table `subjects`
--

LOCK TABLES `subjects` WRITE;
/*!40000 ALTER TABLE `subjects` DISABLE KEYS */;
INSERT INTO `subjects` VALUES (1,20,51,95),(2,15,80,99),(3,26,47,13),(4,48,29,35),(5,25,58,5),(6,50,38,72),(7,11,38,61),(8,13,15,76),(9,13,26,20),(10,18,13,95),(11,43,51,29),(12,48,54,13),(13,9,30,100),(14,8,28,60),(15,31,7,52),(16,7,55,67),(17,14,50,99),(18,19,24,82),(19,15,81,70),(20,48,91,41),(21,13,56,67),(22,24,39,48),(23,4,10,14),(24,3,26,37),(25,44,22,59),(26,41,39,92),(27,36,18,67),(28,5,39,66),(29,28,31,55),(30,9,91,98),(31,6,34,31),(32,18,5,25),(33,35,76,54),(34,10,52,51),(35,47,24,46),(36,23,8,40),(37,5,23,12),(38,2,15,22),(39,20,36,82),(40,47,94,92),(41,9,94,23),(42,11,78,96),(43,16,27,92),(44,15,43,87),(45,27,49,14),(46,10,67,32),(47,5,46,2),(48,33,48,41),(49,40,91,84),(50,48,80,85),(51,33,58,72),(52,19,66,99),(53,34,64,31),(54,41,24,94),(55,15,96,48),(56,28,26,89),(57,7,100,4),(58,44,5,78),(59,1,64,34),(60,26,65,16),(61,44,86,31),(62,35,76,6),(63,24,47,41),(64,7,33,10),(65,2,85,27),(66,50,52,75),(67,23,68,40),(68,6,18,67),(69,12,2,35),(70,29,12,54),(71,8,77,63),(72,47,72,100),(73,32,87,64),(74,48,74,25),(75,21,86,48),(76,28,88,44),(77,32,81,80),(78,10,19,24),(79,42,28,87),(80,32,45,15),(81,11,90,22),(82,19,8,56),(83,37,3,61),(84,9,39,10),(85,23,33,83),(86,29,75,38),(87,14,44,100),(88,34,66,74),(89,18,44,66),(90,45,71,32),(91,14,14,83),(92,19,49,47),(93,7,55,85),(94,11,13,54),(95,2,53,1),(96,15,65,70),(97,26,36,39),(98,42,75,75),(99,5,42,65),(100,34,19,23);
/*!40000 ALTER TABLE `subjects` ENABLE KEYS */;
UNLOCK TABLES;

--
-- Table structure for table `teachers`
--

DROP TABLE IF EXISTS `teachers`;
/*!40101 SET @saved_cs_client     = @@character_set_client */;
/*!50503 SET character_set_client = utf8mb4 */;
CREATE TABLE `teachers` (
  `teacher_id` int unsigned NOT NULL AUTO_INCREMENT COMMENT 'Идентификатор строки',
  `login` varchar(25) CHARACTER SET utf8mb4 COLLATE utf8mb4_unicode_ci DEFAULT NULL COMMENT 'Логин',
  `passwd` varchar(32) CHARACTER SET utf8mb4 COLLATE utf8mb4_unicode_ci DEFAULT NULL COMMENT 'Пароль',
  `email` varchar(25) CHARACTER SET utf8mb4 COLLATE utf8mb4_unicode_ci DEFAULT NULL COMMENT 'Почта',
  `first_name` varchar(25) CHARACTER SET utf8mb4 COLLATE utf8mb4_unicode_ci DEFAULT NULL COMMENT 'Имя',
  `middle_name` varchar(25) CHARACTER SET utf8mb4 COLLATE utf8mb4_unicode_ci DEFAULT NULL COMMENT 'Отчество',
  `last_name` varchar(25) CHARACTER SET utf8mb4 COLLATE utf8mb4_unicode_ci DEFAULT NULL COMMENT 'Фамилия',
  `photo` varchar(50) CHARACTER SET utf8mb4 COLLATE utf8mb4_unicode_ci DEFAULT NULL COMMENT 'Фото',
  `director` int unsigned NOT NULL DEFAULT '0' COMMENT 'Признак директора',
  PRIMARY KEY (`teacher_id`)
) ENGINE=InnoDB AUTO_INCREMENT=101 DEFAULT CHARSET=utf8mb4 COLLATE=utf8mb4_unicode_ci COMMENT='Учитель';
/*!40101 SET character_set_client = @saved_cs_client */;

--
-- Dumping data for table `teachers`
--

LOCK TABLES `teachers` WRITE;
/*!40000 ALTER TABLE `teachers` DISABLE KEYS */;
INSERT INTO `teachers` VALUES (1,'alvah47','f12e871b8f4e92ff0b349020457a5a01','jjast@example.net','Samson','Padberg','Leuschke','',1),(2,'avis.jast','08461a619ba2e69939365b8c3f8cbbed','gislason.stephan@example.','Yadira','Ortiz','Yost','',0),(3,'tracey.glover','f9e475b44afd99024982739f2e071c2c','ppadberg@example.org','Florida','Muller','McDermott','',0),(4,'mccullough.hanna','5f77e7d6d4f1825d7d1aaccb21f6c0d2','yjakubowski@example.org','Mellie','Oberbrunner','Rosenbaum','http://lorempixel.com/640/480/',0),(5,'gwisoky','a9e8302456b5213e4f3584a68dde2d3e','dswift@example.net','Carlo','Fahey','Dooley','',0),(6,'rdickens','b1905c8ca6027f55578927bcc9164851','kolby88@example.com','Dion','Halvorson','Rath','',0),(7,'schinner.ernie','5234b1b3579d9eb5f78166a99aed3973','rowe.kian@example.org','Nedra','Shanahan','Von','http://lorempixel.com/640/480/',0),(8,'tbode','cd739119714fa493997c22d724246791','dickens.gina@example.net','Coleman','Cormier','O\'Reilly','http://lorempixel.com/640/480/',0),(9,'tjacobi','585b580363205a74503171549e2e11e7','emile82@example.org','Eleazar','Okuneva','Goodwin','http://lorempixel.com/640/480/',0),(10,'zhilll','67b2cebb0915fa17a86000e7f6cac6b1','catharine.daniel@example.','Queen','Windler','Crona','http://lorempixel.com/640/480/',0),(11,'batz.lurline','866d5f88e6d300fd459f6a030b3c3016','myles.zemlak@example.net','Eve','Heller','Kerluke','',0),(12,'jackeline.reichel','eedb863b9b04448ad6e89b2f39b2b1bb','chelsie92@example.net','Myrtle','Gerhold','Towne','',0),(13,'qpadberg','b5923dd078fb38839c75ca2006da37ac','eliane.wisozk@example.org','Aiden','Muller','Bins','',0),(14,'cmetz','78a0073b8759a9076158433a7e1945a6','burley.wintheiser@example','Ali','Beatty','Kassulke','http://lorempixel.com/640/480/',0),(15,'beer.grace','ed6e57cf564aca4f7fc8a1adc0201400','diamond.hoeger@example.or','Aubrey','Langosh','Pacocha','http://lorempixel.com/640/480/',0),(16,'willis53','fa6d5bc86bc762211d93488598c0918d','jwill@example.net','Tianna','Fadel','Sanford','',0),(17,'domenick02','8c19732199c3f26250a511e501c9f8cd','cormier.jovan@example.com','Mckayla','Mills','Toy','',0),(18,'snolan','9a42bc59952543edfe5079ddb0f5e534','wconnelly@example.com','Noe','Stroman','Kilback','http://lorempixel.com/640/480/',0),(19,'jaydon.swift','73ca4d8f975bacd59041c32f1d02cc06','armando.treutel@example.c','Clair','Gaylord','Hessel','http://lorempixel.com/640/480/',0),(20,'valentin14','6cb281534a8ff7f88f7a3d656c6775b0','tkemmer@example.net','Abdiel','Williamson','Wyman','http://lorempixel.com/640/480/',0),(21,'brandyn.rosenbaum','c26305eff8af86533a6bb0b7fb9e4dc4','jenkins.victoria@example.','Ellie','McGlynn','Barrows','',0),(22,'jenkins.keven','e97d6f1dd67a5bd383f8ba5622f1e28e','gudrun96@example.org','Teagan','Dickens','Toy','',0),(23,'blanca.sanford','46221f5800b3b37beeb6f114cbd4c81c','carter.genevieve@example.','Kailey','Dooley','Prohaska','http://lorempixel.com/640/480/',0),(24,'kbergnaum','a86564d5c9aae3ae33ad836cb5d75e40','lesly62@example.org','Keith','Zulauf','Morissette','http://lorempixel.com/640/480/',0),(25,'tbarton','2ddd99681231ae51d9dfd63051acb259','jaron39@example.net','Kaitlin','Bernier','Gottlieb','',0),(26,'bernier.isaiah','660a71a140163b5b990dab091680cecb','ebashirian@example.com','Abbey','Romaguera','Kilback','',0),(27,'sbode','efcd9834a969f92f8c8118da2ec5243e','kshlerin.cody@example.com','Cielo','Hodkiewicz','Gutmann','',0),(28,'tracy.homenick','0b5ff58db51e9bc354ac304e3f9696be','pdickens@example.com','Mikel','Stiedemann','Harris','http://lorempixel.com/640/480/',0),(29,'osvaldo.gutkowski','6a158fa7d558209fd31f9d8dd407baf7','maritza41@example.net','Major','Boyer','Zboncak','',0),(30,'quitzon.hector','7e86033b41ba24b63c16672d80d1ae64','laurence.rau@example.org','Kaycee','Schinner','Stanton','',0),(31,'jocelyn.howell','a957020eadc46a8acdd5ef4490745ede','koss.celine@example.org','Tyshawn','Bednar','Keebler','',0),(32,'vernon.tremblay','cd633a655f1c09bf985e1b0f6fffce44','gibson.ilene@example.net','Alvina','Crist','Morar','http://lorempixel.com/640/480/',0),(33,'margarett49','bf3cc9d1296dad33da01b22a6126c3ef','hcartwright@example.com','Tania','Christiansen','Veum','',0),(34,'myles.kohler','ee09fa711a622a7bd0d9b5781835a021','jfarrell@example.com','Jamil','Stracke','Goyette','http://lorempixel.com/640/480/',0),(35,'borer.madeline','f6dcc9d25b9f6811b339126d6b4dd73c','jammie.hudson@example.org','Halie','Christiansen','McClure','',0),(36,'kunde.nettie','0ce85d2095344e898dc03f79690a576c','kboyer@example.org','Karson','Brown','Schamberger','',0),(37,'birdie.borer','d8f2f6bec1a689db351d978d878b0529','kreiger.carey@example.org','Deborah','Morissette','Beatty','http://lorempixel.com/640/480/',0),(38,'rozella.wiegand','a54604c2d9a5dea6a8c6ed5fc5b26e03','rowena.cole@example.com','Marco','Jacobs','Schuppe','',0),(39,'hilll.reta','946b138a037fdf8224f8b38b3b199f57','wisoky.herminia@example.n','Freeman','Rogahn','Romaguera','http://lorempixel.com/640/480/',0),(40,'tiffany.stiedemann','d246973cf1865f03295de6cfdc972fc9','borer.jermain@example.net','Milford','Jacobs','Boyer','',0),(41,'corkery.elinore','d0729f2601779e8f9796226f829b7a7b','bill.waelchi@example.net','Robyn','Mills','Hirthe','http://lorempixel.com/640/480/',0),(42,'uheidenreich','e2a4ca5871346e5f5c944f7059c0b0ef','christian.mosciski@exampl','Laverna','Stroman','Kunde','',0),(43,'nayeli.kassulke','5f63224d78e429c02ec012a39677f554','santiago.walsh@example.co','Stevie','Bogisich','Schmeler','',0),(44,'rhessel','9a019eb2b506895d9ce6381426f8a7e1','hkutch@example.org','Bessie','Kovacek','Harber','http://lorempixel.com/640/480/',0),(45,'roxane.tillman','5e92eaf7ed843b0400802b4349795e4a','velva73@example.org','Palma','Weber','Simonis','',0),(46,'mstracke','6644f4aab17689ee20c159923face169','eliseo.hartmann@example.c','Kenya','Bergnaum','Stoltenberg','',0),(47,'amanda.bernier','7a9c2cbc428f02e77c1ce83880148311','waters.elmore@example.com','Catalina','Roberts','Lehner','',0),(48,'giovani70','d38fcdbf171addd4a58eb83068184c8c','amina72@example.com','Allison','Denesik','Bergnaum','',0),(49,'imelda83','7e6f703d46b70e8c6f6cc2b79fab687d','stanton.loyce@example.org','Jailyn','Champlin','Hand','http://lorempixel.com/640/480/',0),(50,'maryse.keebler','51b3a1e8ed5ebd37635c720c5432bb5e','gerard.wehner@example.com','Leanna','Mills','Schmidt','',0),(51,'howe.keaton','e70d764b243dd61320238ae3e8f6a283','doris.osinski@example.net','Maddison','Thiel','Mitchell','http://lorempixel.com/640/480/',0),(52,'ffeil','ab508086a1217ff5e6a58ddfeeda6e0c','ken66@example.org','Louie','Steuber','Gerlach','',0),(53,'mafalda.walsh','a2e47e0acf747b589f869138c8d3555e','harber.porter@example.com','Monserrat','Farrell','Mante','',0),(54,'ajenkins','9df02b5dcf9563c56976aaa81e068f3d','schamberger.robert@exampl','Edwina','Ernser','Pagac','',0),(55,'bartoletti.harvey','7d7f3af1e61019aaf78964111aceea37','graciela.ullrich@example.','Pearl','Towne','Stoltenberg','http://lorempixel.com/640/480/',0),(56,'pboyle','a181ee69bdb0f9b2537dea708e4cbf50','toy.johnny@example.org','Theodora','Kessler','Rodriguez','http://lorempixel.com/640/480/',0),(57,'stamm.sigurd','1028bbac775d6382ba56b39fbcf3e6b4','flatley.riley@example.net','Chaim','Goyette','Schoen','http://lorempixel.com/640/480/',0),(58,'wilkinson.jaylen','44f4856dfb09bcc7973181abdcfb5324','ruben.barrows@example.net','Cruz','Wintheiser','Deckow','http://lorempixel.com/640/480/',0),(59,'hannah.muller','9bfd5fde7e8ccb5a03bde271109f53ff','julian09@example.net','Deborah','Altenwerth','Kunde','http://lorempixel.com/640/480/',0),(60,'mlynch','fd44b71006c0ce333d78d09a132891b0','osipes@example.net','Clinton','Yundt','Ritchie','http://lorempixel.com/640/480/',0),(61,'tyson.feil','b04e371866e23ca2f9680d8f5ea46776','huels.alana@example.org','Scarlett','Walter','Sanford','',0),(62,'clyde38','8953107e6b45d08d835b24649ceeddff','gwest@example.org','Jabari','Satterfield','Hartmann','http://lorempixel.com/640/480/',0),(63,'botsford.cary','2fb258ecffc26a201286fc9bf82ae0a8','hartmann.domenica@example','Jon','Zulauf','Eichmann','http://lorempixel.com/640/480/',0),(64,'breinger','ea1076a826e96e82635d6a644ecfd29b','glennie.smitham@example.o','Garnet','Larson','Berge','http://lorempixel.com/640/480/',0),(65,'dhintz','df23e7dc4f834c4fb9de957ff93da87d','fspinka@example.com','Jacklyn','Hudson','Rohan','',0),(66,'ericka.treutel','77881409c01aeed9bf325ea5e6c43fbd','johns.tabitha@example.com','Ryann','Abshire','Johnston','http://lorempixel.com/640/480/',0),(67,'ymcclure','268cd7489b45607ab1a8a8f95f2ea412','reichert.seth@example.net','Britney','Cruickshank','Leffler','http://lorempixel.com/640/480/',0),(68,'anjali72','73418c20de1caaff67f41ff24bcec30d','gorczany.petra@example.ne','Nestor','Oberbrunner','Howe','http://lorempixel.com/640/480/',0),(69,'spencer.isaiah','db6c152e03a87bc637f45fc0a686f5a3','maya33@example.org','Toy','Koelpin','Larson','',0),(70,'leonard83','7157b6455d1063fa72253924bde6ecde','bradtke.garrett@example.n','Augustus','Stehr','Johnson','',0),(71,'nora15','1707483e2aca7ffc889c5c542f606be1','dakota.murazik@example.or','Nora','Bergstrom','Gerhold','',0),(72,'leffler.jeanne','63a1062058f4389a829b1925abacf4dc','salvador78@example.org','Deion','Johnston','Rodriguez','',0),(73,'herman.edison','22ae2a97065d8ef81408109baa08389f','ncollier@example.com','Teresa','Langosh','Block','http://lorempixel.com/640/480/',0),(74,'bessie.steuber','faba9002b6c388b09f6af8bda93bed39','isidro.kuvalis@example.co','Gardner','Grant','Hills','',0),(75,'franecki.reva','19f1e630f49079defa85a63448119d68','greg.davis@example.com','Al','Schimmel','Schamberger','http://lorempixel.com/640/480/',0),(76,'providenci54','28de8d43cf69592bcbef0d4a231af5c0','effertz.riley@example.com','Nils','Bosco','Klein','http://lorempixel.com/640/480/',0),(77,'vstanton','25c1fe17451d0b1d8addc7cfbe91b41b','sawayn.aron@example.org','Lulu','Muller','Conn','',0),(78,'keshaun98','58b53fa07db4213264b7c005228da8ed','madison58@example.com','Ashly','Halvorson','Cremin','',0),(79,'nikolaus.sage','c78aee1c55bb035f928ebdf239605e77','mbartoletti@example.org','Kylee','Ondricka','Trantow','http://lorempixel.com/640/480/',0),(80,'boyer.eryn','ec265ffc01b5c448c02bec56fcdea423','dach.ida@example.net','Jose','Harris','Harber','http://lorempixel.com/640/480/',0),(81,'cary10','50efecf3f17c24302e40629effc0a162','uleuschke@example.com','Kennedi','Turner','Schaefer','http://lorempixel.com/640/480/',0),(82,'robel.colleen','602c038ac91c5f34b982a3174fb6ccf3','gabriella41@example.org','Tiffany','Willms','Wehner','',0),(83,'jennifer.bahringer','b57c5d974de248986925d84f961333da','orempel@example.net','Jamie','Donnelly','Quitzon','http://lorempixel.com/640/480/',0),(84,'hwaelchi','3fe82beb0974ac6ffcd3447af606f8cf','daphne36@example.org','Alva','Mertz','Adams','http://lorempixel.com/640/480/',0),(85,'giovanna38','e1a221586a2b68d889cd761b7747b4ad','jermain.upton@example.com','Pierce','Braun','Nicolas','http://lorempixel.com/640/480/',0),(86,'jschuppe','897cdac1fa8922c50808d9c25722473a','glenda73@example.com','Cloyd','Erdman','Bednar','',0),(87,'lilliana.goyette','7e03ea2b9c3b681b992e5f937db202f9','wfriesen@example.org','Ana','Cummerata','Walker','http://lorempixel.com/640/480/',0),(88,'streich.wava','ab767a4cefd5d8aae76a8ea313d16235','ogutmann@example.com','Bethel','Zieme','Stanton','',0),(89,'ramona43','4a30c3d1989fb89161185f84eb65cbdb','araceli.osinski@example.n','Bo','Morar','Medhurst','',0),(90,'kristopher08','f269d524f3b50c23d346bd6c364e1512','ysanford@example.com','Brandyn','Luettgen','Pacocha','',0),(91,'klein.howell','fdb0f9d50ca29100f611486418a3e504','mo\'hara@example.net','Alexane','Mraz','Boyer','',0),(92,'alvina95','c0492527d275e507761315319cf657f9','tyree46@example.com','Maurice','Harber','Rosenbaum','http://lorempixel.com/640/480/',0),(93,'clarabelle97','7dd2596df452d9a11e940035cfc471d8','braulio33@example.com','Jett','Pagac','Feest','http://lorempixel.com/640/480/',0),(94,'elza15','df3311fb9cfec574b2dffc69d667fbfd','towne.dorthy@example.net','Telly','Beier','Dicki','http://lorempixel.com/640/480/',0),(95,'greenholt.ofelia','985f74589a6901ea49b09523ea9c7bfe','wsmith@example.com','Allene','Witting','Batz','http://lorempixel.com/640/480/',0),(96,'heathcote.beryl','6b3dff5ed3d6a604da52946699333ccd','o\'reilly.troy@example.org','Macie','Paucek','Larson','',0),(97,'jermain08','b9cf3dd326404783b23cae77f534844c','domingo.davis@example.org','Holden','Schneider','Marvin','http://lorempixel.com/640/480/',0),(98,'wisozk.donnie','d2da00064be85e941b228ce5c75252a8','hiram75@example.net','Margaretta','Jacobson','Klocko','http://lorempixel.com/640/480/',0),(99,'anderson.roman','37889628a6cf60618efcf30c231bafd6','howe.carol@example.net','Lydia','Schmeler','Walker','',0),(100,'trantow.agustina','97b325c925b59bbea64e4948f100015c','hweimann@example.net','Brain','Huels','Sporer','',0);
/*!40000 ALTER TABLE `teachers` ENABLE KEYS */;
UNLOCK TABLES;
/*!40103 SET TIME_ZONE=@OLD_TIME_ZONE */;

/*!40101 SET SQL_MODE=@OLD_SQL_MODE */;
/*!40014 SET FOREIGN_KEY_CHECKS=@OLD_FOREIGN_KEY_CHECKS */;
/*!40014 SET UNIQUE_CHECKS=@OLD_UNIQUE_CHECKS */;
/*!40101 SET CHARACTER_SET_CLIENT=@OLD_CHARACTER_SET_CLIENT */;
/*!40101 SET CHARACTER_SET_RESULTS=@OLD_CHARACTER_SET_RESULTS */;
/*!40101 SET COLLATION_CONNECTION=@OLD_COLLATION_CONNECTION */;
/*!40111 SET SQL_NOTES=@OLD_SQL_NOTES */;

-- Dump completed on 2021-05-21 11:46:00
